1963.10.30,"Faille 1970, no. 788",Catalogue Raisonné,http://vocab.getty.edu/aat/300026061,1928,1928,"L'Oeuvre de Vincent Van Gogh, catalogue raisonné",NULL,"Faille, J.-B. de la.",NULL,NULL,NULL,NULL,NULL,NULL,NULL,NULL,Paris and Brussels,NULL,NULL,NULL,1:no. 788; 2:repro.
1963.10.30,"Faille 1970, no. 788",Monograph,http://vocab.getty.edu/aat/300060417,1939,1939,Vincent Van Gogh,NULL,"Faille, J.-B. de la.",NULL,NULL,NULL,NULL,NULL,NULL,NULL,NULL,New York and Paris,NULL,NULL,NULL,"531, no. 788, repro."
1963.10.30,"Faille 1970, no. 788",Collection Catalogue,http://vocab.getty.edu/aat/300417819,1965,1965,Eighteenth and Nineteenth Century Paintings & Sculpture of the French School in the Chester Dale Collection,NULL,NULL,NULL,NULL,NULL,NULL,NULL,NULL,NULL,NULL,"National Gallery of Art, Washington",NULL,NULL,NULL,"129, repro."
1963.10.30,"Faille 1970, no. 788",Catalogue Raisonné,http://vocab.getty.edu/aat/300026061,1970,1970,The Works of Vincent van Gogh: Paintings and Drawings,NULL,"Faille, J.-B. de la",NULL,NULL,NULL,NULL,NULL,NULL,NULL,NULL,Amsterdam,NULL,NULL,NULL,"no. F788, repro."
1963.10.30,"Faille 1970, no. 788",Catalogue Raisonné,http://vocab.getty.edu/aat/300026061,1980,1980,"The Complete Van Gogh: Paintings, drawings, sketches",NULL,"Hulsker, Jan",NULL,NULL,NULL,NULL,NULL,NULL,NULL,NULL,New York,NULL,NULL,NULL,"472, no. 2055, repro."
1963.10.30,"Faille 1970, no. 788",Collection Catalogue,http://vocab.getty.edu/aat/300417819,1985,1985,European Paintings: An Illustrated Catalogue,NULL,National Gallery of Art,NULL,NULL,NULL,NULL,NULL,NULL,NULL,NULL,Washington,NULL,NULL,NULL,"179, repro."
1963.10.30,"Faille 1970, no. 788",Monograph,http://vocab.getty.edu/aat/300060417,1986,1986,Von Böcklin zu Cézanne: Die Rezeption des franszösischen Impressionismus in der deutschen Schweiz,NULL,"Gloor, Lukas",NULL,NULL,NULL,NULL,NULL,NULL,NULL,NULL,Bern,NULL,NULL,NULL,"135, 281n."
1963.10.30,"Faille 1970, no. 788",Monograph,http://vocab.getty.edu/aat/300060417,1989,1989,Van Gogh,NULL,"Wheldon, Keith",NULL,NULL,NULL,NULL,NULL,NULL,NULL,NULL,London,NULL,NULL,NULL,repro.
1963.10.30,"Faille 1970, no. 788",Essay,http://vocab.getty.edu/aat/300026291,1988,1988,"Vincent van Gogh & Paul Cassirer, Berlin: The reception of Van Gogh in Germany from 1901 to 1914",NULL,"Feilchenfeldt, Walter",NULL,NULL,NULL,NULL,NULL,NULL,NULL,NULL,Amsterdam,NULL,NULL,NULL,"120, repro."
1963.10.30,"Faille 1970, no. 788",Monograph,http://vocab.getty.edu/aat/300060417,1993,1993,"Kunst, kennis en commercie: de kunsthandelaar J.H. de Bois (1878-1946)",NULL,"Heijbroek, Jan Frederik and E.L. Wouthuysen",NULL,NULL,NULL,NULL,NULL,NULL,NULL,NULL,Amsterdam,NULL,NULL,NULL,"201, repro."
1963.10.30,"Faille 1970, no. 788",Monograph,http://vocab.getty.edu/aat/300060417,1994,1994,Vincent van Gogh: Sämtliche Gemälde,NULL,"Walther, Ingo F., and Rainer Metzger",NULL,NULL,NULL,NULL,NULL,NULL,NULL,2 vols.,Cologne,NULL,NULL,NULL,2:675.
1963.10.30,"Faille 1970, no. 788",Monograph,http://vocab.getty.edu/aat/300060417,1999,1999,Van Gogh: Provence and Auvers,NULL,"Welsh-Ovcharov, Bogomila.",NULL,NULL,NULL,NULL,NULL,NULL,NULL,NULL,New York,NULL,NULL,NULL,"281-283, repro. 279"
1963.10.30,"Faille 1970, no. 788",Ph.D. Dissertation,http://vocab.getty.edu/aat/300312076,2005,2005,Richard Kisling (1862-1917): Ein Schweizer Sammler und Kunstvermittler der Moderne,NULL,"Volkart-Baumann, Silvia",NULL,NULL,NULL,NULL,NULL,NULL,NULL,NULL,University of Zurich,NULL,NULL,NULL,"56-57, 127."
1963.10.30,"Faille 1970, no. 788",Collection Catalogue,http://vocab.getty.edu/aat/300417819,1965,1965,Summary Catalogue of European Paintings and Sculpture,NULL,National Gallery of Art,NULL,NULL,NULL,NULL,NULL,NULL,NULL,NULL,Washington,NULL,NULL,NULL,59.
1963.10.30,"Faille 1970, no. 788",Collection Catalogue,http://vocab.getty.edu/aat/300417819,1968,1968,European Paintings and Sculpture: Illustrations (Companion to the Summary Catalogue),NULL,National Gallery of Art,NULL,NULL,NULL,NULL,NULL,NULL,NULL,NULL,Washington,NULL,NULL,NULL,"51, repro."
1963.10.30,"Faille 1970, no. 788",Collection Catalogue,http://vocab.getty.edu/aat/300417819,1975,1975,European Paintings: An Illustrated Summary Catalogue,NULL,National Gallery of Art,NULL,NULL,NULL,NULL,NULL,NULL,NULL,NULL,Washington,NULL,NULL,NULL,"156, repro."
1963.10.30,"Faille 1970, no. 788",Essay,http://vocab.getty.edu/aat/300026291,1984,1984,"National Gallery of Art, Washington",NULL,"Walker, John",NULL,NULL,NULL,NULL,NULL,NULL,NULL,NULL,New York,NULL,NULL,NULL,"518, no. 778, color repro."
1963.10.30,"Faille 1970, no. 788",Monograph,http://vocab.getty.edu/aat/300060417,2002,2002,The account book of Theo van Gogh and Jo van Gogh-Bonger,NULL,"Stolwijk, Chris, and Han Veenenbos",NULL,NULL,NULL,NULL,NULL,NULL,NULL,NULL,Amsterdam and Leiden,NULL,NULL,NULL,"52 (17/9), 127 (92/2), 149, 190 no. F788 JH 2055."
1963.10.30,"Faille 1970, no. 788",Monograph,http://vocab.getty.edu/aat/300060417,1993,1993,"Primitivism, Cubism, Abstraction: The Early Twentieth Century",NULL,"Harrison, Charles, Francis Frascina and Gill Perry",NULL,NULL,NULL,NULL,NULL,NULL,NULL,NULL,New Haven,NULL,NULL,NULL,"201, repro."
1963.10.30,"Faille 1970, no. 788",Periodical,http://vocab.getty.edu/aat/300026657,1963,1963,Chester Dale: Collector,NULL,"MacNeil, Neil",NULL,NULL,NULL,NULL,NULL,NULL,NULL,NULL,NULL,NULL,NULL,NULL,"124, repro."
1963.10.30,"Faille 1970, no. 788",Periodical,http://vocab.getty.edu/aat/300026657,1952,1952,Chesterdale's Way,NULL,"McBride, Henry",NULL,NULL,NULL,NULL,NULL,NULL,NULL,51,NULL,NULL,NULL,NULL,"21, repro."
1963.10.30,"Faille 1970, no. 788",Monograph,http://vocab.getty.edu/aat/300060417,2008,2008,"Richard Kisling, 1862-1917 : Sammler, Mäzen und Kunstvermittler",NULL,"Volkart, Silvia",NULL,NULL,NULL,NULL,NULL,NULL,NULL,NULL,Bern,NULL,NULL,NULL,"14, 15, 24, 201."
1963.10.30,"Faille 1970, no. 788",Monograph,http://vocab.getty.edu/aat/300060417,1999,1999,The Bellagio Gallery of Fine Art: European and American Masters,NULL,"Lumpkin, Libby, ed.",NULL,NULL,NULL,NULL,NULL,NULL,NULL,NULL,Las Vegas,NULL,NULL,NULL,"103, repro."
1963.10.30,"Faille 1970, no. 788",Periodical,http://vocab.getty.edu/aat/300026657,1953,1953,Ladies Home Journal,NULL,"Walker, John",NULL,NULL,NULL,NULL,NULL,NULL,NULL,NULL,NULL,NULL,NULL,NULL,"61+, repro."
1963.10.30,"Faille 1970, no. 788",Collection Catalogue,http://vocab.getty.edu/aat/300417819,1975,1975,"National Gallery of Art, Washington",NULL,"Walker, John",NULL,NULL,NULL,NULL,NULL,NULL,NULL,NULL,New York,NULL,NULL,NULL,"522, repro. 523."
1963.10.30,"Faille 1970, no. 788",Monograph,http://vocab.getty.edu/aat/300060417,1994,1994,Les 70 jours de van Gogh à Auvers,NULL,"Gachet, Paul",NULL,NULL,NULL,NULL,NULL,NULL,NULL,NULL,Saint-Ouen-l'Aumône,NULL,NULL,NULL,"159, 318 (where dated around 25 June 1890), color repro XXVII."
1963.10.30,"Faille 1970, no. 788",Monograph,http://vocab.getty.edu/aat/300060417,2009,2009,Vincent van Gogh à Auvers,NULL,"Van der Veen, Wouter, and Peter Knapp",NULL,NULL,NULL,NULL,NULL,NULL,NULL,NULL,Paris,NULL,NULL,NULL,"179, repro."
1963.10.31,"Faille 1970, no. 440",Periodical,http://vocab.getty.edu/aat/300026657,1928,1928,Exhibitions in New York,NULL,NULL,NULL,NULL,NULL,NULL,NULL,NULL,NULL,"16, no. 5",NULL,NULL,NULL,NULL,"268, repro."
1963.10.31,"Faille 1970, no. 440",Catalogue Raisonné,http://vocab.getty.edu/aat/300026061,1928,1928,"L'Oeuvre de Vincent Van Gogh, catalogue raisonné",NULL,"Faille, J.-B. de la.",NULL,NULL,NULL,NULL,NULL,NULL,NULL,NULL,Paris and Brussels,NULL,NULL,NULL,1:no. 440; 2:repro.
1963.10.31,"Faille 1970, no. 440",Periodical,http://vocab.getty.edu/aat/300026657,1929,1929,French Art in the Chester Dale Collection,NULL,"Dale, Maud",NULL,NULL,NULL,NULL,NULL,NULL,NULL,NULL,NULL,NULL,NULL,NULL,"46, repro."
1963.10.31,"Faille 1970, no. 440",Collection Catalogue,http://vocab.getty.edu/aat/300417819,1929,1929,Before Manet to Modigliani from the Chester Dale Collection,NULL,"Dale, Maud",NULL,NULL,NULL,NULL,NULL,NULL,NULL,NULL,New York,NULL,NULL,NULL,"no. 65, repro."
1963.10.31,"Faille 1970, no. 440",Monograph,http://vocab.getty.edu/aat/300060417,1937,1937,"Vincent van Gogh's Great Period: Arles, St. Rémy and Auvers sur Oise (Complete Catalogue)",NULL,"Scherjon, W., and Jos. de Gruyter",NULL,NULL,NULL,NULL,NULL,NULL,NULL,NULL,Amsterdam,NULL,NULL,NULL,"154-155, no. 126, repro."
1963.10.31,"Faille 1970, no. 440",Monograph,http://vocab.getty.edu/aat/300060417,1939,1939,Vincent Van Gogh,NULL,"Faille, J.-B. de la.",NULL,NULL,NULL,NULL,NULL,NULL,NULL,NULL,New York and Paris,NULL,NULL,NULL,"340, no. 440, repro."
1963.10.31,"Faille 1970, no. 440",Collection Catalogue,http://vocab.getty.edu/aat/300417819,1965,1965,Eighteenth and Nineteenth Century Paintings & Sculpture of the French School in the Chester Dale Collection,NULL,NULL,NULL,NULL,NULL,NULL,NULL,NULL,NULL,NULL,"National Gallery of Art, Washington",NULL,NULL,NULL,"126, repro."
1963.10.31,"Faille 1970, no. 440",Catalogue Raisonné,http://vocab.getty.edu/aat/300026061,1970,1970,The Works of Vincent van Gogh: Paintings and Drawings,NULL,"Faille, J.-B. de la",NULL,NULL,NULL,NULL,NULL,NULL,NULL,NULL,Amsterdam,NULL,NULL,NULL,"no. F440, repro."
1963.10.31,"Faille 1970, no. 440",Periodical,http://vocab.getty.edu/aat/300026657,1973,1973,The new de la Faille,NULL,"Pickvance, Ronald",NULL,NULL,NULL,NULL,NULL,NULL,NULL,115,NULL,NULL,NULL,NULL,176.
1963.10.31,"Faille 1970, no. 440",Catalogue Raisonné,http://vocab.getty.edu/aat/300026061,1980,1980,"The Complete Van Gogh: Paintings, drawings, sketches",NULL,"Hulsker, Jan",NULL,NULL,NULL,NULL,NULL,NULL,NULL,NULL,New York,NULL,NULL,NULL,"378-380, no. 1639, repro."
1963.10.31,"Faille 1970, no. 440",Collection Catalogue,http://vocab.getty.edu/aat/300417819,1985,1985,European Paintings: An Illustrated Catalogue,NULL,National Gallery of Art,NULL,NULL,NULL,NULL,NULL,NULL,NULL,NULL,Washington,NULL,NULL,NULL,"179, repro."
1963.10.31,"Faille 1970, no. 440",Monograph,http://vocab.getty.edu/aat/300060417,1994,1994,Vincent van Gogh: Sämtliche Gemälde,NULL,"Walther, Ingo F., and Rainer Metzger",NULL,NULL,NULL,NULL,NULL,NULL,NULL,2 vols.,Cologne,NULL,NULL,NULL,2:462. repro.
1963.10.31,"Faille 1970, no. 440",Collection Catalogue,http://vocab.getty.edu/aat/300417819,1965,1965,Summary Catalogue of European Paintings and Sculpture,NULL,National Gallery of Art,NULL,NULL,NULL,NULL,NULL,NULL,NULL,NULL,Washington,NULL,NULL,NULL,59.
1963.10.31,"Faille 1970, no. 440",Collection Catalogue,http://vocab.getty.edu/aat/300417819,1968,1968,European Paintings and Sculpture: Illustrations (Companion to the Summary Catalogue),NULL,National Gallery of Art,NULL,NULL,NULL,NULL,NULL,NULL,NULL,NULL,Washington,NULL,NULL,NULL,"52, repro."
1963.10.31,"Faille 1970, no. 440",Collection Catalogue,http://vocab.getty.edu/aat/300417819,1975,1975,European Paintings: An Illustrated Summary Catalogue,NULL,National Gallery of Art,NULL,NULL,NULL,NULL,NULL,NULL,NULL,NULL,Washington,NULL,NULL,NULL,"156, repro."
1963.10.31,"Faille 1970, no. 440",Essay,http://vocab.getty.edu/aat/300026291,1984,1984,"National Gallery of Art, Washington",NULL,"Walker, John",NULL,NULL,NULL,NULL,NULL,NULL,NULL,NULL,New York,NULL,NULL,NULL,"520, no. 779, color repro."
1963.10.31,"Faille 1970, no. 440",Exhibition Catalogue,http://vocab.getty.edu/aat/300026096,2013,2013,Van Gogh Repetitions,NULL,"Rathbone, Eliza E., William H. Robinson, Elizabeth Steele, and Marcia Steele",NULL,NULL,NULL,NULL,NULL,NULL,NULL,NULL,New Haven and London,NULL,NULL,NULL,"113, 117, repro. (detail) 112, 114 fig. 53."
1963.10.31,"Faille 1970, no. 440",Review,http://vocab.getty.edu/aat/300026480,1963,1963,The Artist Looks at Children,NULL,"Kuh, Katherine",NULL,NULL,NULL,NULL,NULL,NULL,NULL,NULL,NULL,NULL,NULL,NULL,36.
1963.10.31,"Faille 1970, no. 440",Monograph,http://vocab.getty.edu/aat/300060417,1951,1951,Van Gogh,NULL,"Leymarie, Jean",NULL,NULL,NULL,NULL,NULL,NULL,NULL,NULL,Paris,NULL,NULL,NULL,"119, no. 102."
1963.10.31,"Faille 1970, no. 440",Newspaper,http://vocab.getty.edu/aat/300026656,1923,1923,Vincent van Gogh,NULL,"Coquiot, Gustave",NULL,NULL,NULL,NULL,NULL,NULL,NULL,NULL,Paris,NULL,NULL,NULL,179.
1963.10.31,"Faille 1970, no. 440",Collection Catalogue,http://vocab.getty.edu/aat/300417819,1975,1975,"National Gallery of Art, Washington",NULL,"Walker, John",NULL,NULL,NULL,NULL,NULL,NULL,NULL,NULL,New York,NULL,NULL,NULL,repro. 524.
1963.10.31,"Faille 1970, no. 440",Periodical,http://vocab.getty.edu/aat/300026657,1955,1955,Van Gogh et la famille Roulin,NULL,"Priou, J.-N.",NULL,NULL,NULL,NULL,NULL,NULL,NULL,2,NULL,NULL,NULL,NULL,26-32.
1963.10.31,"Faille 1970, no. 440",Exhibition Catalogue,http://vocab.getty.edu/aat/300026096,2000,2000,Van Gogh,NULL,"Pickvance, Ronald",NULL,NULL,NULL,NULL,NULL,NULL,NULL,NULL,Martigny,NULL,NULL,NULL,"305-306, no. 71."
1963.10.31,"Faille 1970, no. 440",Exhibition Catalogue,http://vocab.getty.edu/aat/300026096,2000,2000,Van Gogh Face to Face: The Portraits,NULL,"Dorn, Roland et al.",NULL,NULL,NULL,NULL,NULL,NULL,NULL,NULL,Detroit Institute of Arts,NULL,NULL,NULL,164-171.
1963.10.31,"Faille 1970, no. 440",Exhibition Catalogue,http://vocab.getty.edu/aat/300026096,2001,2001,Van Gogh and Gauguin: The Studio of the South,NULL,"Druick, Douglas W. and Peter Kort Zegers",NULL,NULL,NULL,NULL,NULL,NULL,NULL,NULL,Chicago and New York,NULL,NULL,NULL,"227-234, repro."
1963.10.31,"Faille 1970, no. 440",Periodical,http://vocab.getty.edu/aat/300026657,1929,1929,Vincent van Gogh in Arles,NULL,"Stokvis, Benno",NULL,NULL,NULL,NULL,NULL,NULL,NULL,NULL,NULL,NULL,NULL,NULL,474.
1963.10.31,"Faille 1970, no. 440",Academic Journal,http://vocab.getty.edu/aat/300215390,2014,2014,Van Gogh’s Repetitions: Washington and Cleveland,NULL,"Kelly, Simon",NULL,NULL,NULL,NULL,NULL,NULL,NULL,"156, no. 1336",NULL,NULL,NULL,NULL,490.
1963.10.31,"Faille 1970, no. 440",Academic Journal,http://vocab.getty.edu/aat/300215390,2019,2019,"Series, Multiples, Replicas",NULL,"Barbour, Daphne, and Suzanne Quillen Lomax",NULL,NULL,NULL,NULL,NULL,NULL,NULL,4,NULL,NULL,NULL,NULL,"128-155, 129 unummbered fig. (detail), figs. 3, 7(c) (detail), 8 (c) (detail), 10 (c) (detail), 11 (c)."
1963.10.151,"Faille 1970, no. 431",Catalogue Raisonné,http://vocab.getty.edu/aat/300026061,1942,1942,French Paintings from the Chester Dale Collection,NULL,National Gallery of Art,NULL,NULL,NULL,NULL,NULL,NULL,NULL,NULL,"Washington, DC",NULL,NULL,NULL,"76, repro."
1963.10.151,"Faille 1970, no. 431",Collection Catalogue,http://vocab.getty.edu/aat/300417819,1944,1944,Masterpieces of Painting from the National Gallery of Art,NULL,"Cairns, Huntington and John Walker, eds.",NULL,NULL,NULL,NULL,NULL,NULL,NULL,NULL,New York,NULL,NULL,NULL,"178, color repro."
1963.10.151,"Faille 1970, no. 431",Catalogue Raisonné,http://vocab.getty.edu/aat/300026061,1944,1944,French Paintings from the Chester Dale Collection,NULL,National Gallery of Art,NULL,NULL,NULL,NULL,NULL,NULL,NULL,NULL,"Washington, DC",NULL,NULL,NULL,"76, repro."
1963.10.151,"Faille 1970, no. 431",Catalogue Raisonné,http://vocab.getty.edu/aat/300026061,1953,1953,French Paintings from the Chester Dale Collection,NULL,National Gallery of Art,NULL,NULL,NULL,NULL,NULL,NULL,NULL,NULL,"Washington, DC",NULL,NULL,NULL,"86, repro."
1963.10.151,"Faille 1970, no. 431",Collection Catalogue,http://vocab.getty.edu/aat/300417819,1957,1957,"Comparisons in Art: A Companion to the National Gallery of Art, Washington, DC",NULL,"Shapley, Fern Rusk",NULL,NULL,NULL,NULL,NULL,NULL,NULL,NULL,London,NULL,NULL,NULL,pl. 102.
1963.10.151,"Faille 1970, no. 431",Collection Catalogue,http://vocab.getty.edu/aat/300417819,1959,1959,French Painting of the 19th Century in the National Gallery of Art,NULL,"Evans, Grose",NULL,NULL,NULL,NULL,NULL,"Ten Schools of Painting in the National Gallery of Art, Washington, D.C.",NULL,booklet number 2,"Washington, D.C.",NULL,NULL,NULL,"36, color repro."
1963.10.151,"Faille 1970, no. 431",Collection Catalogue,http://vocab.getty.edu/aat/300417819,1960,1960,The National Gallery of Art and Its Collections--Reproductions of forty paintings,NULL,"National Gallery of Art; Cott, Perry B.",NULL,NULL,NULL,NULL,NULL,NULL,NULL,NULL,"Washington, DC",NULL,NULL,NULL,"19, color repro. 17."
1963.10.151,"Faille 1970, no. 431",Collection Catalogue,http://vocab.getty.edu/aat/300417819,1963,1963,"National Gallery of Art, Washington, DC",NULL,"Walker, John",NULL,NULL,NULL,NULL,NULL,NULL,NULL,NULL,New York,NULL,NULL,NULL,"274, repro."
1963.10.151,"Faille 1970, no. 431",Collection Catalogue,http://vocab.getty.edu/aat/300417819,1965,1965,Summary Catalogue of European Paintings and Sculpture,NULL,National Gallery of Art,NULL,NULL,NULL,NULL,NULL,NULL,NULL,NULL,Washington,NULL,NULL,NULL,59.
1963.10.151,"Faille 1970, no. 431",Collection Catalogue,http://vocab.getty.edu/aat/300417819,1966,1966,A Pageant of Painting from the National Gallery of Art,NULL,"Cairns, Huntington, and John Walker, ed.",NULL,NULL,NULL,NULL,NULL,NULL,NULL,2 vols.,New York,NULL,NULL,NULL,"2:466, color repro."
1963.10.151,"Faille 1970, no. 431",Collection Catalogue,http://vocab.getty.edu/aat/300417819,1968,1968,European Paintings and Sculpture: Illustrations (Companion to the Summary Catalogue),NULL,National Gallery of Art,NULL,NULL,NULL,NULL,NULL,NULL,NULL,NULL,Washington,NULL,NULL,NULL,"52, repro."
1963.10.151,"Faille 1970, no. 431",Collection Catalogue,http://vocab.getty.edu/aat/300417819,1975,1975,European Paintings: An Illustrated Summary Catalogue,NULL,National Gallery of Art,NULL,NULL,NULL,NULL,NULL,NULL,NULL,NULL,Washington,NULL,NULL,NULL,"156, repro."
1963.10.151,"Faille 1970, no. 431",Collection Catalogue,http://vocab.getty.edu/aat/300417819,1979,1979,"The National Gallery of Art, Washington",NULL,"Watson, Ross",NULL,NULL,NULL,NULL,NULL,NULL,NULL,NULL,New York,NULL,NULL,NULL,"120, pl. 106."
1963.10.151,"Faille 1970, no. 431",Essay,http://vocab.getty.edu/aat/300026291,1984,1984,"National Gallery of Art, Washington",NULL,"Walker, John",NULL,NULL,NULL,NULL,NULL,NULL,NULL,NULL,New York,NULL,NULL,NULL,"516, no. 777, color repro."
1963.10.151,"Faille 1970, no. 431",Collection Catalogue,http://vocab.getty.edu/aat/300417819,1992,1992,"National Gallery of Art, Washington",NULL,National Gallery of Art,NULL,NULL,NULL,NULL,NULL,NULL,NULL,NULL,New York,NULL,NULL,NULL,"198, repro."
1963.10.151,"Faille 1970, no. 431",Monograph,http://vocab.getty.edu/aat/300060417,1961,1961,Gauguin,NULL,"d'Angelis, Gaston",NULL,NULL,NULL,NULL,NULL,NULL,NULL,NULL,Paris,NULL,NULL,NULL,"46, repro."
1963.10.151,"Faille 1970, no. 431",Monograph,http://vocab.getty.edu/aat/300060417,1937,1937,"Vincent van Gogh's Great Period: Arles, St. Rémy and Auvers sur Oise (Complete Catalogue)",NULL,"Scherjon, W., and Jos. de Gruyter",NULL,NULL,NULL,NULL,NULL,NULL,NULL,NULL,Amsterdam,NULL,NULL,NULL,"84, no. 55, repro."
1963.10.151,"Faille 1970, no. 431",Periodical,http://vocab.getty.edu/aat/300026657,1938,1938,Ambassador to Art,NULL,"Pemberton, Murdock",NULL,NULL,NULL,NULL,NULL,NULL,NULL,NULL,NULL,NULL,NULL,NULL,repro.
1963.10.151,"Faille 1970, no. 431",Monograph,http://vocab.getty.edu/aat/300060417,1939,1939,Vincent Van Gogh,NULL,"Faille, J.-B. de la.",NULL,NULL,NULL,NULL,NULL,NULL,NULL,NULL,New York and Paris,NULL,NULL,NULL,"330, no. 431, repro."
1963.10.151,"Faille 1970, no. 431",Collection Catalogue,http://vocab.getty.edu/aat/300417819,1965,1965,Eighteenth and Nineteenth Century Paintings & Sculpture of the French School in the Chester Dale Collection,NULL,NULL,NULL,NULL,NULL,NULL,NULL,NULL,NULL,NULL,"National Gallery of Art, Washington",NULL,NULL,NULL,"125, repro."
1963.10.151,"Faille 1970, no. 431",Catalogue Raisonné,http://vocab.getty.edu/aat/300026061,1970,1970,The Works of Vincent van Gogh: Paintings and Drawings,NULL,"Faille, J.-B. de la",NULL,NULL,NULL,NULL,NULL,NULL,NULL,NULL,Amsterdam,NULL,NULL,NULL,"no. F431, repro."
1963.10.151,"Faille 1970, no. 431",Periodical,http://vocab.getty.edu/aat/300026657,1973,1973,The new de la Faille,NULL,"Pickvance, Ronald",NULL,NULL,NULL,NULL,NULL,NULL,NULL,115,NULL,NULL,NULL,NULL,179.
1963.10.151,"Faille 1970, no. 431",Catalogue Raisonné,http://vocab.getty.edu/aat/300026061,1980,1980,"The Complete Van Gogh: Paintings, drawings, sketches",NULL,"Hulsker, Jan",NULL,NULL,NULL,NULL,NULL,NULL,NULL,NULL,New York,NULL,NULL,NULL,"344, no. 1519, repro."
1963.10.151,"Faille 1970, no. 431",Collection Catalogue,http://vocab.getty.edu/aat/300417819,1985,1985,European Paintings: An Illustrated Catalogue,NULL,National Gallery of Art,NULL,NULL,NULL,NULL,NULL,NULL,NULL,NULL,Washington,NULL,NULL,NULL,"180, repro."
1963.10.151,"Faille 1970, no. 431",Essay,http://vocab.getty.edu/aat/300026291,1988,1988,"Vincent van Gogh & Paul Cassirer, Berlin: The reception of Van Gogh in Germany from 1901 to 1914",NULL,"Feilchenfeldt, Walter",NULL,NULL,NULL,NULL,NULL,NULL,NULL,NULL,Amsterdam,NULL,NULL,NULL,94.
1963.10.151,"Faille 1970, no. 431",Monograph,http://vocab.getty.edu/aat/300060417,1989,1989,Vincent van Gogh: Christianity versus Nature,NULL,"Kodera, Tsukasa",NULL,NULL,NULL,NULL,NULL,NULL,NULL,NULL,Philadelphia,NULL,NULL,NULL,"64, repro."
1963.10.151,"Faille 1970, no. 431",Monograph,http://vocab.getty.edu/aat/300060417,1992,1992,True to Temperament: van Gogh and French Naturalist Literature,NULL,"Sund, Judy",NULL,NULL,NULL,NULL,NULL,NULL,NULL,NULL,Cambridge,NULL,NULL,NULL,"178, repro."
1963.10.151,"Faille 1970, no. 431",Monograph,http://vocab.getty.edu/aat/300060417,1993,1993,"Kunst, kennis en commercie: de kunsthandelaar J.H. de Bois (1878-1946)",NULL,"Heijbroek, Jan Frederik and E.L. Wouthuysen",NULL,NULL,NULL,NULL,NULL,NULL,NULL,NULL,Amsterdam,NULL,NULL,NULL,"195, repro."
1963.10.151,"Faille 1970, no. 431",Monograph,http://vocab.getty.edu/aat/300060417,1994,1994,Vincent van Gogh: Sämtliche Gemälde,NULL,"Walther, Ingo F., and Rainer Metzger",NULL,NULL,NULL,NULL,NULL,NULL,NULL,2 vols.,Cologne,NULL,NULL,NULL,"2:389, repro."
1963.10.151,"Faille 1970, no. 431",Monograph,http://vocab.getty.edu/aat/300060417,1999,1999,Van Gogh: Provence and Auvers,NULL,"Welsh-Ovcharov, Bogomila.",NULL,NULL,NULL,NULL,NULL,NULL,NULL,NULL,New York,NULL,NULL,NULL,"110, repro."
1963.10.151,"Faille 1970, no. 431",Exhibition Catalogue,http://vocab.getty.edu/aat/300026096,2000,2000,"The Arles Period: Symbolic Means, Decorative Ends",NULL,"Dorn, Roland",NULL,NULL,NULL,NULL,NULL,NULL,NULL,NULL,The Detroit Institute of Arts,NULL,NULL,NULL,repro. 143
1963.10.151,"Faille 1970, no. 431",Monograph,http://vocab.getty.edu/aat/300060417,2001,2001,Antimodernism and Artistic Experience,NULL,"Jirat-Wasiutyriski, Vojtech; ed. Lynda Jessup",NULL,NULL,NULL,NULL,NULL,NULL,NULL,NULL,Toronto,NULL,NULL,NULL,"185, repro."
1963.10.151,"Faille 1970, no. 431",Collection Catalogue,http://vocab.getty.edu/aat/300417819,1956,1956,"National Gallery of Art, Washington",NULL,"Walker, John",NULL,NULL,NULL,NULL,NULL,NULL,NULL,NULL,New York,NULL,NULL,NULL,"58, repro."
1963.10.151,"Faille 1970, no. 431",Periodical,http://vocab.getty.edu/aat/300026657,1933,1933,"The Exhibition of French Art at the ""Art Institute"" of Chicago",NULL,"Rich, Daniel Catton",NULL,NULL,NULL,NULL,NULL,NULL,NULL,NULL,NULL,NULL,NULL,NULL,383.
1963.10.151,"Faille 1970, no. 431",Periodical,http://vocab.getty.edu/aat/300026657,1933,1933,Chicago Show to Present French Modern Classics,NULL,NULL,NULL,NULL,NULL,NULL,NULL,NULL,NULL,"XXXI, no. 34",NULL,NULL,NULL,NULL,"cover repro., as _Portrait of Mlle Gachet_"
1963.10.151,"Faille 1970, no. 431",Monograph,http://vocab.getty.edu/aat/300060417,1939,1939,"Rebels of Art, Manet to Matisse",NULL,"Slocombe, George",NULL,NULL,NULL,NULL,NULL,NULL,NULL,NULL,New York,NULL,NULL,NULL,pl. 19.
1963.10.151,"Faille 1970, no. 431",Monograph,http://vocab.getty.edu/aat/300060417,1936,1936,Significant Moderns and Their Pictures,NULL,"Bulliet, C. J.",NULL,NULL,NULL,NULL,NULL,NULL,NULL,NULL,New York,NULL,NULL,NULL,repro. no. 54.
1963.10.151,"Faille 1970, no. 431",Catalogue Raisonné,http://vocab.getty.edu/aat/300026061,1928,1928,"L'Oeuvre de Vincent Van Gogh, catalogue raisonné",NULL,"Faille, J.-B. de la.",NULL,NULL,NULL,NULL,NULL,NULL,NULL,NULL,Paris and Brussels,NULL,NULL,NULL,1:no. 431; 2:repro.
1963.10.151,"Faille 1970, no. 431",Monograph,http://vocab.getty.edu/aat/300060417,1929,1929,Vincent van Gogh,NULL,"Pfister, Kurt",NULL,NULL,NULL,NULL,NULL,NULL,NULL,NULL,Berlin,NULL,NULL,NULL,pl.25.
1963.10.151,"Faille 1970, no. 431",Exhibition Catalogue,http://vocab.getty.edu/aat/300026096,1984,1984,Van Gogh in Arles,NULL,"Pickvance, Ronald",NULL,NULL,NULL,NULL,NULL,NULL,NULL,NULL,New York: Metropolitan Museum of Art,NULL,NULL,NULL,"156, fig. 41."
1963.10.151,"Faille 1970, no. 431",Academic Journal,http://vocab.getty.edu/aat/300215390,1984,1984,Japan as Primitivistic Utopia: van Gogh's Japonisme Portraits,NULL,"Kodera, Tsukasa",NULL,NULL,NULL,NULL,NULL,NULL,NULL,NULL,NULL,NULL,NULL,NULL,"189-208, fig. 6."
1963.10.151,"Faille 1970, no. 431",Monograph,http://vocab.getty.edu/aat/300060417,1997,1997,"Van Gogh's Progress: Utopia, Modernity, and Late-Nineteenth-Century Art",NULL,"Zemel, Carol",NULL,NULL,NULL,NULL,NULL,NULL,NULL,NULL,"Berkeley, Los Angeles and London",NULL,NULL,NULL,"115-117, repro."
1963.10.151,"Faille 1970, no. 431",Exhibition Catalogue,http://vocab.getty.edu/aat/300026096,2000,2000,Famine to Feast: Portrait Making at St.-Rémy and Auvers,NULL,"Sund, Judy",NULL,NULL,NULL,NULL,NULL,NULL,NULL,NULL,Detroit Institute of Arts,NULL,NULL,NULL,183-227.
1963.10.151,"Faille 1970, no. 431",Monograph,http://vocab.getty.edu/aat/300060417,2001,2001,"Seeking The Studio of the South: Vincent van Gogh, Gauguin, and Avant Guard Identity",NULL,"Childs, Elizabeth",NULL,NULL,NULL,NULL,NULL,NULL,NULL,NULL,Saint Louis,NULL,NULL,NULL,"120-134, repro."
1963.10.151,"Faille 1970, no. 431",Monograph,http://vocab.getty.edu/aat/300060417,2007,2007,Van Gogh Paintings: The Masterpieces,NULL,"Thomson, Belinda",NULL,NULL,NULL,NULL,NULL,NULL,NULL,NULL,London,NULL,NULL,NULL,"108, repro."
1963.10.151,"Faille 1970, no. 431",Monograph,http://vocab.getty.edu/aat/300060417,1912,1912,Vincent van Gogh,NULL,"Meier-Graefe, Julius",NULL,NULL,NULL,NULL,NULL,NULL,NULL,NULL,Munich,NULL,NULL,NULL,"49, repro."
1963.10.151,"Faille 1970, no. 431",Monograph,http://vocab.getty.edu/aat/300060417,1991,1991,America's National Gallery of Art: A Gift to the Nation,NULL,"Kopper, Philip",NULL,NULL,NULL,NULL,NULL,NULL,NULL,NULL,New York,NULL,NULL,NULL,239.
1963.10.151,"Faille 1970, no. 431",Collection Catalogue,http://vocab.getty.edu/aat/300417819,2004,2004,National Gallery of Art: Master Paintings from the Collection,NULL,"Hand, John Oliver",NULL,NULL,NULL,NULL,NULL,NULL,NULL,NULL,Washington and New York,NULL,NULL,NULL,"368-369, no. 303, color repro."
1963.10.151,"Faille 1970, no. 431",Monograph,http://vocab.getty.edu/aat/300060417,2002,2002,The account book of Theo van Gogh and Jo van Gogh-Bonger,NULL,"Stolwijk, Chris, and Han Veenenbos",NULL,NULL,NULL,NULL,NULL,NULL,NULL,NULL,Amsterdam and Leiden,NULL,NULL,NULL,"52 (17/12), 127 (92/10), 149, 172 no. F 431 JH 1519."
1963.10.151,"Faille 1970, no. 431",Exhibition Catalogue,http://vocab.getty.edu/aat/300026096,2001,2001,Van Gogh and Gauguin: The Studio of the South,NULL,"Druick, Douglas W. and Peter Kort Zegers",NULL,NULL,NULL,NULL,NULL,NULL,NULL,NULL,Chicago and New York,NULL,NULL,NULL,"126-128, repro."
1963.10.151,"Faille 1970, no. 431",Essay,http://vocab.getty.edu/aat/300026291,1976,1976,Dialogue in Art: Japan and the West,NULL,"Dorival, Bernard, ed. Chisaburo F. Yamada
",NULL,NULL,NULL,NULL,NULL,NULL,NULL,NULL,Tokyo and New York,NULL,NULL,NULL,repro. 45.
1963.10.151,"Faille 1970, no. 431",Monograph,http://vocab.getty.edu/aat/300060417,1935,1935,Meisterwerke Europäischer Malerei in Amerika,NULL,"Tietze, Hans",NULL,NULL,NULL,NULL,NULL,NULL,NULL,NULL,Vienna,NULL,NULL,NULL,"302, repro."
1963.10.151,"Faille 1970, no. 431",Monograph,http://vocab.getty.edu/aat/300060417,1944,1944,French Impressionists and their Contemporaries Represented in American Collections,NULL,"Jewell, Edward Alden",NULL,NULL,NULL,NULL,NULL,NULL,NULL,NULL,New York,NULL,NULL,NULL,"repro. 157.
"
1963.10.151,"Faille 1970, no. 431",Monograph,http://vocab.getty.edu/aat/300060417,1999,1999,The Bellagio Gallery of Fine Art: European and American Masters,NULL,"Lumpkin, Libby, ed.",NULL,NULL,NULL,NULL,NULL,NULL,NULL,NULL,Las Vegas,NULL,NULL,NULL,"104, repro."
1963.10.151,"Faille 1970, no. 431",Essay,http://vocab.getty.edu/aat/300026291,1936,1936,Vorkriegseuropa im Gleichnis meines Lebens,NULL,"Sternheim, Carl",NULL,NULL,NULL,NULL,NULL,NULL,NULL,NULL,Amsterdam,NULL,NULL,NULL,"137, 165."
1963.10.151,"Faille 1970, no. 431",Monograph,http://vocab.getty.edu/aat/300060417,1995,1995,Tagebücher 1905-1927. Die Jahre mit Carl Sternhaim,NULL,"Sternheim, Thea",NULL,NULL,NULL,NULL,NULL,NULL,NULL,NULL,Mainz,NULL,NULL,NULL,25.
1963.10.151,"Faille 1970, no. 431",Exhibition Catalogue,http://vocab.getty.edu/aat/300026096,2000,2000,Arlésienne : le mythe?,NULL,Museon Arlaten,NULL,NULL,NULL,NULL,NULL,NULL,NULL,NULL,Arles,NULL,NULL,NULL,"178, repro. 43."
1963.10.151,"Faille 1970, no. 431",Newspaper,http://vocab.getty.edu/aat/300026656,1929,1929,New York Times Photogravure,NULL,NULL,NULL,NULL,NULL,NULL,NULL,NULL,NULL,NULL,New York,NULL,NULL,NULL,repro.
1963.10.151,"Faille 1970, no. 431",Monograph,http://vocab.getty.edu/aat/300060417,1920,1920,Van Gogh Mappe,NULL,"Hagan, Oscar",NULL,NULL,NULL,NULL,NULL,NULL,NULL,NULL,Munich,NULL,NULL,NULL,"no. 14, as Junges Mädchen."
1963.10.151,"Faille 1970, no. 431",Monograph,http://vocab.getty.edu/aat/300060417,1935,1935,"Van Gogh, peintre",NULL,"Terrasse, Charles",NULL,NULL,NULL,NULL,NULL,NULL,NULL,NULL,Paris,NULL,NULL,NULL,"109, repro."
1963.10.151,"Faille 1970, no. 431",Monograph,http://vocab.getty.edu/aat/300060417,1933,1933,Vincent van Gogh: A Biographical Study,NULL,"Meier-Graefe, Julius",NULL,NULL,NULL,NULL,NULL,NULL,NULL,NULL,New York,NULL,NULL,NULL,pl. 58.
1963.10.151,"Faille 1970, no. 431",Monograph,http://vocab.getty.edu/aat/300060417,1935,1935,Recueil important des oeuvres de Vincent van Gogh,NULL,NULL,NULL,NULL,NULL,NULL,NULL,NULL,NULL,NULL,Tokyo,NULL,NULL,NULL,2:pl. 11.
1963.10.151,"Faille 1970, no. 431",Periodical,http://vocab.getty.edu/aat/300026657,1929,1929,L'Art français en Norvège,NULL,"Jamot, Paul",NULL,NULL,NULL,NULL,NULL,NULL,NULL,NULL,NULL,NULL,NULL,NULL,"94, repro."
1963.10.151,"Faille 1970, no. 431",Monograph,http://vocab.getty.edu/aat/300060417,1941,1941,"Briefe an Emile Bernard, Paul Gauguin, John Russell, Paul Signac und  Anderer",NULL,Graber. Hans,NULL,NULL,NULL,NULL,NULL,NULL,NULL,NULL,Basel,NULL,NULL,NULL,repro. opposite 52.
1963.10.151,"Faille 1970, no. 431",Monograph,http://vocab.getty.edu/aat/300060417,1922,1922,"Vincent van Gogh, a biographical study",NULL,"Meier-Graefe, Julius",NULL,NULL,NULL,NULL,NULL,NULL,NULL,NULL,London,NULL,NULL,NULL,2:repro. 94A.
1963.10.151,"Faille 1970, no. 431",Collection Catalogue,http://vocab.getty.edu/aat/300417819,1975,1975,"National Gallery of Art, Washington",NULL,"Walker, John",NULL,NULL,NULL,NULL,NULL,NULL,NULL,NULL,New York,NULL,NULL,NULL,"520, repro. 521."
1963.10.151,"Faille 1970, no. 431",Monograph,http://vocab.getty.edu/aat/300060417,1922,1922,Vincent van Gogh,NULL,"Pfister, Kurt",NULL,NULL,NULL,NULL,NULL,NULL,NULL,NULL,Potsdam,NULL,NULL,NULL,repro. 31.
1963.10.151,"Faille 1970, no. 431",Periodical,http://vocab.getty.edu/aat/300026657,1895,1895,Jean Carriès – Vincent van Gogh,NULL,"Natanson, Thadée",NULL,NULL,NULL,NULL,NULL,NULL,NULL,NULL,NULL,NULL,NULL,NULL,572-573.
1963.10.151,"Faille 1970, no. 431",Monograph,http://vocab.getty.edu/aat/300060417,1905,1905,Vincent van Gogh: 40 Photocollographies d’après ses tableaux et dessins,NULL,NULL,NULL,NULL,NULL,NULL,NULL,NULL,NULL,NULL,Amsterdam,NULL,NULL,NULL,no. 32 as Portrait de fille (Collection Mme van Gogh-Bonger).
1963.10.151,"Faille 1970, no. 431",Monograph,http://vocab.getty.edu/aat/300060417,1950,1950,Vincent van Gogh,NULL,"Schapiro, Meyer",NULL,NULL,NULL,NULL,NULL,NULL,NULL,NULL,New York,NULL,NULL,NULL,"59, repro."
1963.10.151,"Faille 1970, no. 431",Exhibition Catalogue,http://vocab.getty.edu/aat/300026096,1990,1990,"Vincent van Gogh, Paintings",NULL,"Uitert, Evert van, Louis van Tilborgh, and Sjraar van Heugten",NULL,NULL,NULL,NULL,NULL,NULL,NULL,NULL,Milan and Rome,NULL,NULL,NULL,"20, fig. 6."
1963.10.151,"Faille 1970, no. 431",Exhibition Catalogue,http://vocab.getty.edu/aat/300026096,2005,2005,Vincent van Gogh: The Drawings,NULL,"Ives, Colta, et al.",NULL,NULL,NULL,NULL,NULL,NULL,NULL,NULL,New Haven,NULL,NULL,NULL,"232, fig. 157."
1963.10.151,"Faille 1970, no. 431",Monograph,http://vocab.getty.edu/aat/300060417,2009,2009,Van Gogh: A Literary Mind. Literature in the Correspondence of Vincent van Gogh,NULL,"Veen, Wouter van der",NULL,NULL,NULL,NULL,NULL,NULL,NULL,NULL,Zwolle and Amsterdam,NULL,NULL,NULL,"204, repro. 205."
1963.10.151,"Faille 1970, no. 431",Monograph,http://vocab.getty.edu/aat/300060417,1994,1994,Les 70 jours de van Gogh à Auvers,NULL,"Gachet, Paul",NULL,NULL,NULL,NULL,NULL,NULL,NULL,NULL,Saint-Ouen-l'Aumône,NULL,NULL,NULL,"159, 318 (where dated around 25 June 1890), color repro XXVII."
1963.10.151,"Faille 1970, no. 431",Monograph,http://vocab.getty.edu/aat/300060417,1929,1929,"Briefe an Emile Bernard, Paul Gauguin, Paul Signac und Andere",NULL,NULL,NULL,NULL,NULL,NULL,NULL,NULL,NULL,NULL,Basel,NULL,NULL,NULL,"44-45, repro. 48."
1963.10.151,"Faille 1970, no. 431",Monograph,http://vocab.getty.edu/aat/300060417,1951,1951,Vincent van Gogh,NULL,"Schapiro, Meyer",NULL,NULL,NULL,NULL,NULL,NULL,NULL,NULL,London,NULL,NULL,NULL,"59, repro."
1963.10.152,"Faille 1970, no. 656",Catalogue Raisonné,http://vocab.getty.edu/aat/300026061,1942,1942,French Paintings from the Chester Dale Collection,NULL,National Gallery of Art,NULL,NULL,NULL,NULL,NULL,NULL,NULL,NULL,"Washington, DC",NULL,NULL,NULL,"78, repro."
1963.10.152,"Faille 1970, no. 656",Catalogue Raisonné,http://vocab.getty.edu/aat/300026061,1944,1944,French Paintings from the Chester Dale Collection,NULL,National Gallery of Art,NULL,NULL,NULL,NULL,NULL,NULL,NULL,NULL,"Washington, DC",NULL,NULL,NULL,"78, repro."
1963.10.152,"Faille 1970, no. 656",Collection Catalogue,http://vocab.getty.edu/aat/300417819,1952,1952,Great Paintings from the National Gallery of Art,NULL,"Cairns, Huntington and John Walker, eds.",NULL,NULL,NULL,NULL,NULL,NULL,NULL,NULL,New York,NULL,NULL,NULL,"170, color repro."
1963.10.152,"Faille 1970, no. 656",Catalogue Raisonné,http://vocab.getty.edu/aat/300026061,1953,1953,French Paintings from the Chester Dale Collection,NULL,National Gallery of Art,NULL,NULL,NULL,NULL,NULL,NULL,NULL,NULL,"Washington, DC",NULL,NULL,NULL,"85, repro."
1963.10.152,"Faille 1970, no. 656",Collection Catalogue,http://vocab.getty.edu/aat/300417819,1957,1957,"Comparisons in Art: A Companion to the National Gallery of Art, Washington, DC",NULL,"Shapley, Fern Rusk",NULL,NULL,NULL,NULL,NULL,NULL,NULL,NULL,London,NULL,NULL,NULL,pl. 156.
1963.10.152,"Faille 1970, no. 656",Collection Catalogue,http://vocab.getty.edu/aat/300417819,1963,1963,"National Gallery of Art, Washington, DC",NULL,"Walker, John",NULL,NULL,NULL,NULL,NULL,NULL,NULL,NULL,New York,NULL,NULL,NULL,"327, repro."
1963.10.152,"Faille 1970, no. 656",Collection Catalogue,http://vocab.getty.edu/aat/300417819,1965,1965,Summary Catalogue of European Paintings and Sculpture,NULL,National Gallery of Art,NULL,NULL,NULL,NULL,NULL,NULL,NULL,NULL,Washington,NULL,NULL,NULL,59.
1963.10.152,"Faille 1970, no. 656",Collection Catalogue,http://vocab.getty.edu/aat/300417819,1966,1966,A Pageant of Painting from the National Gallery of Art,NULL,"Cairns, Huntington, and John Walker, ed.",NULL,NULL,NULL,NULL,NULL,NULL,NULL,2 vols.,New York,NULL,NULL,NULL,"2:468, color repro."
1963.10.152,"Faille 1970, no. 656",Collection Catalogue,http://vocab.getty.edu/aat/300417819,1968,1968,European Paintings and Sculpture: Illustrations (Companion to the Summary Catalogue),NULL,National Gallery of Art,NULL,NULL,NULL,NULL,NULL,NULL,NULL,NULL,Washington,NULL,NULL,NULL,"51, repro."
1963.10.152,"Faille 1970, no. 656",Collection Catalogue,http://vocab.getty.edu/aat/300417819,1975,1975,European Paintings: An Illustrated Summary Catalogue,NULL,National Gallery of Art,NULL,NULL,NULL,NULL,NULL,NULL,NULL,NULL,Washington,NULL,NULL,NULL,"156, repro."
1963.10.152,"Faille 1970, no. 656",Collection Catalogue,http://vocab.getty.edu/aat/300417819,1978,1978,"Adventures in Art: National Gallery of Art, Washington, D.C.",NULL,"King, Marian",NULL,NULL,NULL,NULL,NULL,NULL,NULL,NULL,New York,NULL,NULL,NULL,"92, pl. 56."
1963.10.152,"Faille 1970, no. 656",Essay,http://vocab.getty.edu/aat/300026291,1984,1984,"National Gallery of Art, Washington",NULL,"Walker, John",NULL,NULL,NULL,NULL,NULL,NULL,NULL,NULL,New York,NULL,NULL,NULL,"520, no. 780, color repro."
1963.10.152,"Faille 1970, no. 656",Monograph,http://vocab.getty.edu/aat/300060417,1937,1937,"Vincent van Gogh's Great Period: Arles, St. Rémy and Auvers sur Oise (Complete Catalogue)",NULL,"Scherjon, W., and Jos. de Gruyter",NULL,NULL,NULL,NULL,NULL,NULL,NULL,NULL,Amsterdam,NULL,NULL,NULL,"266-267, no. 71, repro."
1963.10.152,"Faille 1970, no. 656",Monograph,http://vocab.getty.edu/aat/300060417,1939,1939,Vincent Van Gogh,NULL,"Faille, J.-B. de la.",NULL,NULL,NULL,NULL,NULL,NULL,NULL,NULL,New York and Paris,NULL,NULL,NULL,"456, no. 656, repro."
1963.10.152,"Faille 1970, no. 656",Collection Catalogue,http://vocab.getty.edu/aat/300417819,1965,1965,Eighteenth and Nineteenth Century Paintings & Sculpture of the French School in the Chester Dale Collection,NULL,NULL,NULL,NULL,NULL,NULL,NULL,NULL,NULL,NULL,"National Gallery of Art, Washington",NULL,NULL,NULL,"127, repro."
1963.10.152,"Faille 1970, no. 656",Catalogue Raisonné,http://vocab.getty.edu/aat/300026061,1970,1970,The Works of Vincent van Gogh: Paintings and Drawings,NULL,"Faille, J.-B. de la",NULL,NULL,NULL,NULL,NULL,NULL,NULL,NULL,Amsterdam,NULL,NULL,NULL,"no. F656, repro."
1963.10.152,"Faille 1970, no. 656",Catalogue Raisonné,http://vocab.getty.edu/aat/300026061,1980,1980,"The Complete Van Gogh: Paintings, drawings, sketches",NULL,"Hulsker, Jan",NULL,NULL,NULL,NULL,NULL,NULL,NULL,NULL,New York,NULL,NULL,NULL,"428, no. 1870, repro."
1963.10.152,"Faille 1970, no. 656",Collection Catalogue,http://vocab.getty.edu/aat/300417819,1985,1985,European Paintings: An Illustrated Catalogue,NULL,National Gallery of Art,NULL,NULL,NULL,NULL,NULL,NULL,NULL,NULL,Washington,NULL,NULL,NULL,"180, repro."
1963.10.152,"Faille 1970, no. 656",Essay,http://vocab.getty.edu/aat/300026291,1988,1988,"Vincent van Gogh & Paul Cassirer, Berlin: The reception of Van Gogh in Germany from 1901 to 1914",NULL,"Feilchenfeldt, Walter",NULL,NULL,NULL,NULL,NULL,NULL,NULL,NULL,Amsterdam,NULL,NULL,NULL,110-111.
1963.10.152,"Faille 1970, no. 656",Monograph,http://vocab.getty.edu/aat/300060417,1994,1994,Vincent van Gogh: Sämtliche Gemälde,NULL,"Walther, Ingo F., and Rainer Metzger",NULL,NULL,NULL,NULL,NULL,NULL,NULL,2 vols.,Cologne,NULL,NULL,NULL,2:593.
1963.10.152,"Faille 1970, no. 656",Exhibition Catalogue,http://vocab.getty.edu/aat/300026096,2006,2006,Van Gogh in Budapest,NULL,NULL,NULL,NULL,NULL,NULL,NULL,NULL,NULL,NULL,"Museum of Fine Arts, Budapest",NULL,NULL,NULL,"117, repro."
1963.10.152,"Faille 1970, no. 656",Monograph,http://vocab.getty.edu/aat/300060417,1929,1929,Vincent van Gogh,NULL,"Pfister, Kurt",NULL,NULL,NULL,NULL,NULL,NULL,NULL,NULL,Berlin,NULL,NULL,NULL,pl. 48.
1963.10.152,"Faille 1970, no. 656",Catalogue Raisonné,http://vocab.getty.edu/aat/300026061,1928,1928,"L'Oeuvre de Vincent Van Gogh, catalogue raisonné",NULL,"Faille, J.-B. de la.",NULL,NULL,NULL,NULL,NULL,NULL,NULL,NULL,Paris and Brussels,NULL,NULL,NULL,1:no. 565; 2:repro.
1963.10.152,"Faille 1970, no. 656",Monograph,http://vocab.getty.edu/aat/300060417,1987,1987,The Seven Sketchbooks of Vincent van Gogh,NULL,"Wolk, Johannes van der",NULL,NULL,NULL,NULL,NULL,NULL,NULL,NULL,New York,NULL,NULL,NULL,"216, 219, 243, 308, repro."
1963.10.152,"Faille 1970, no. 656",Monograph,http://vocab.getty.edu/aat/300060417,2006,2006,Van Gogh en Rembrandt,NULL,"Hecht, Peter",NULL,NULL,NULL,NULL,NULL,Van Gogh in Focus,NULL,NULL,Amsterdam,NULL,NULL,NULL,"46, repro."
1963.10.152,"Faille 1970, no. 656",Exhibition Catalogue,http://vocab.getty.edu/aat/300026096,2003,2003,Vincent's Choice: The Musée imaginaire of Van Gogh,NULL,"Stolwijk, Christ, Sjraar van Heugten, Leo Janson and Andreas Blühm, eds.",NULL,NULL,NULL,NULL,NULL,NULL,NULL,NULL,Amsterdam,NULL,NULL,NULL,"183, repro."
1963.10.152,"Faille 1970, no. 656",Monograph,http://vocab.getty.edu/aat/300060417,2002,2002,The account book of Theo van Gogh and Jo van Gogh-Bonger,NULL,"Stolwijk, Chris, and Han Veenenbos",NULL,NULL,NULL,NULL,NULL,NULL,NULL,NULL,Amsterdam and Leiden,NULL,NULL,NULL,"49 (14/4), 124 (89/21), 145, 183 no. F656 JH 1870."
1963.10.152,"Faille 1970, no. 656",Collection Catalogue,http://vocab.getty.edu/aat/300417819,1975,1975,"National Gallery of Art, Washington",NULL,"Walker, John",NULL,NULL,NULL,NULL,NULL,NULL,NULL,NULL,New York,NULL,NULL,NULL,repro. 524.
1963.10.152,"Faille 1970, no. 656",Periodical,http://vocab.getty.edu/aat/300026657,1930,1930,De Delacroix à nos Jours: une exposition-programme à la Galerie Georges Petit,NULL,NULL,NULL,NULL,NULL,NULL,NULL,NULL,NULL,NULL,Paris,NULL,NULL,NULL,repro. 257.
1963.10.152,"Faille 1970, no. 656",Monograph,http://vocab.getty.edu/aat/300060417,1922,1922,Vincent van Gogh,NULL,"Pfister, Kurt",NULL,NULL,NULL,NULL,NULL,NULL,NULL,NULL,Potsdam,NULL,NULL,NULL,repro. 21.
1963.10.152,"Faille 1970, no. 656",Monograph,http://vocab.getty.edu/aat/300060417,1928,1928,Vincent van Gogh,NULL,"Fels, Florent",NULL,NULL,NULL,NULL,NULL,NULL,NULL,NULL,Paris,NULL,NULL,NULL,repro. 143.
1963.10.152,"Faille 1970, no. 656",Monograph,http://vocab.getty.edu/aat/300060417,1921,1921,Vincent van Gogh,NULL,"Glaser, Curt",NULL,NULL,NULL,NULL,NULL,NULL,NULL,NULL,Leipzig,NULL,NULL,NULL,pl. 15.
1963.10.152,"Faille 1970, no. 656",Monograph,http://vocab.getty.edu/aat/300060417,1996,1996,Vincent van Gogh: Still Life with Peonies,NULL,"Klusmann, Georg",NULL,NULL,NULL,NULL,NULL,NULL,NULL,NULL,Mainburg,NULL,NULL,NULL,35.
1963.10.152,"Faille 1970, no. 656",Monograph,http://vocab.getty.edu/aat/300060417,1912,1912,Vincent van Gogh,NULL,"Meier-Graefe, Julius",NULL,NULL,NULL,NULL,NULL,NULL,NULL,NULL,Munich,NULL,NULL,NULL,64.
1963.10.152,"Faille 1970, no. 656",Monograph,http://vocab.getty.edu/aat/300060417,2015,2015,Van Gogh: The Asylum Year,NULL,"Mullins, Edwin",NULL,NULL,NULL,NULL,NULL,NULL,NULL,NULL,London,NULL,NULL,NULL,127.
1963.10.152,"Faille 1970, no. 656",Catalogue Raisonné,http://vocab.getty.edu/aat/300026061,2013,2013,"Vincent van Gogh: The Years in France, Complete Paintings 1886-1890",NULL,"Feilchenfeldt, Walter",NULL,NULL,NULL,NULL,NULL,NULL,NULL,NULL,London,NULL,NULL,NULL,"235, repro."
1963.10.153,"Faille 1970, no. 523 (rejected work)",Catalogue Raisonné,http://vocab.getty.edu/aat/300026061,1942,1942,French Paintings from the Chester Dale Collection,NULL,National Gallery of Art,NULL,NULL,NULL,NULL,NULL,NULL,NULL,NULL,"Washington, DC",NULL,NULL,NULL,"77, repro., as by van Gogh."
1963.10.153,"Faille 1970, no. 523 (rejected work)",Collection Catalogue,http://vocab.getty.edu/aat/300417819,1944,1944,Masterpieces of Painting from the National Gallery of Art,NULL,"Cairns, Huntington and John Walker, eds.",NULL,NULL,NULL,NULL,NULL,NULL,NULL,NULL,New York,NULL,NULL,NULL,"180, color repro., as by van Gogh."
1963.10.153,"Faille 1970, no. 523 (rejected work)",Catalogue Raisonné,http://vocab.getty.edu/aat/300026061,1944,1944,French Paintings from the Chester Dale Collection,NULL,National Gallery of Art,NULL,NULL,NULL,NULL,NULL,NULL,NULL,NULL,"Washington, DC",NULL,NULL,NULL,"77, repro., as _Self-Portrait_ by van Gogh."
1963.10.153,"Faille 1970, no. 523 (rejected work)",Catalogue Raisonné,http://vocab.getty.edu/aat/300026061,1953,1953,French Paintings from the Chester Dale Collection,NULL,National Gallery of Art,NULL,NULL,NULL,NULL,NULL,NULL,NULL,NULL,"Washington, DC",NULL,NULL,NULL,"87, repro., as by van Gogh."
1963.10.153,"Faille 1970, no. 523 (rejected work)",Collection Catalogue,http://vocab.getty.edu/aat/300417819,1965,1965,Summary Catalogue of European Paintings and Sculpture,NULL,National Gallery of Art,NULL,NULL,NULL,NULL,NULL,NULL,NULL,NULL,Washington,NULL,NULL,NULL,"60, as by van Gogh."
1963.10.153,"Faille 1970, no. 523 (rejected work)",Collection Catalogue,http://vocab.getty.edu/aat/300417819,1968,1968,European Paintings and Sculpture: Illustrations (Companion to the Summary Catalogue),NULL,National Gallery of Art,NULL,NULL,NULL,NULL,NULL,NULL,NULL,NULL,Washington,NULL,NULL,NULL,"51, repro., as by van Gogh."
1963.10.153,"Faille 1970, no. 523 (rejected work)",Collection Catalogue,http://vocab.getty.edu/aat/300417819,1975,1975,European Paintings: An Illustrated Summary Catalogue,NULL,National Gallery of Art,NULL,NULL,NULL,NULL,NULL,NULL,NULL,NULL,Washington,NULL,NULL,NULL,"156, repro., as by van Gogh."
1963.10.153,"Faille 1970, no. 523 (rejected work)",Catalogue Raisonné,http://vocab.getty.edu/aat/300026061,1928,1928,"L'Oeuvre de Vincent Van Gogh, catalogue raisonné",NULL,"Faille, J.-B. de la.",NULL,NULL,NULL,NULL,NULL,NULL,NULL,NULL,Paris and Brussels,NULL,NULL,NULL,1:no. 523; 2:repro.
1963.10.153,"Faille 1970, no. 523 (rejected work)",Monograph,http://vocab.getty.edu/aat/300060417,1928,1928,"Vincent van Gogh, der Zeichner",NULL,"Meier-Graefe, Julius",NULL,NULL,NULL,NULL,NULL,NULL,NULL,NULL,Berlin,NULL,NULL,NULL,frontispiece.
1963.10.153,"Faille 1970, no. 523 (rejected work)",Periodical,http://vocab.getty.edu/aat/300026657,1929,1929,Dale van Gogh traced by Letters,NULL,NULL,NULL,NULL,NULL,NULL,NULL,NULL,NULL,NULL,NULL,NULL,NULL,NULL,1+.
1963.10.153,"Faille 1970, no. 523 (rejected work)",Monograph,http://vocab.getty.edu/aat/300060417,1929,1929,De Zelfportretten van Vinvent van Gogh Uit St. Remy,NULL,"Scherjon, W.",NULL,NULL,NULL,NULL,NULL,NULL,NULL,NULL,Utrecht,NULL,NULL,NULL,"12-13, repro."
1963.10.153,"Faille 1970, no. 523 (rejected work)",Monograph,http://vocab.getty.edu/aat/300060417,1932,1932,Falsche Expdertisen?- Falsche Experten!,NULL,"Veth, Cornelis",NULL,NULL,NULL,NULL,NULL,NULL,NULL,NULL,Berlin,NULL,NULL,NULL,"35, 37-39, frontispiece and appendix."
1963.10.153,"Faille 1970, no. 523 (rejected work)",Monograph,http://vocab.getty.edu/aat/300060417,1934,1934,Modern Art,NULL,"Craven, Thomas",NULL,NULL,NULL,NULL,NULL,NULL,NULL,NULL,New York,NULL,NULL,NULL,repro. opposite p. 91.
1963.10.153,"Faille 1970, no. 523 (rejected work)",Ph.D. Dissertation,http://vocab.getty.edu/aat/300312076,1954,1954,Die Selbstbildnisse Vincent van Gogh,NULL,"Bromig-Kolleritz, Katharina",NULL,NULL,NULL,NULL,NULL,NULL,NULL,NULL,"Ludwig Maximilians-Universität, Munich",NULL,NULL,NULL,NULL
1963.10.153,"Faille 1970, no. 523 (rejected work)",Collection Catalogue,http://vocab.getty.edu/aat/300417819,1965,1965,Eighteenth and Nineteenth Century Paintings & Sculpture of the French School in the Chester Dale Collection,NULL,NULL,NULL,NULL,NULL,NULL,NULL,NULL,NULL,NULL,"National Gallery of Art, Washington",NULL,NULL,NULL,"128, repro., as by van Gogh."
1963.10.153,"Faille 1970, no. 523 (rejected work)",Monograph,http://vocab.getty.edu/aat/300060417,1969,1969,Van Gogh and the Self-Portraits,NULL,"Erpel, Fritz",NULL,NULL,NULL,NULL,NULL,NULL,NULL,NULL,"Greenwich, CT",NULL,NULL,NULL,"64, no. 40."
1963.10.153,"Faille 1970, no. 523 (rejected work)",Collection Catalogue,http://vocab.getty.edu/aat/300417819,1985,1985,European Paintings: An Illustrated Catalogue,NULL,National Gallery of Art,NULL,NULL,NULL,NULL,NULL,NULL,NULL,NULL,Washington,NULL,NULL,NULL,"181, repro."
1963.10.153,"Faille 1970, no. 523 (rejected work)",Monograph,http://vocab.getty.edu/aat/300060417,1987,1987,Faking It: Art and the Politics of Forgery,NULL,"Haywood, Ian",NULL,NULL,NULL,NULL,NULL,NULL,NULL,NULL,Brighton,NULL,NULL,NULL,112-113.
1963.10.153,"Faille 1970, no. 523 (rejected work)",Academic Journal,http://vocab.getty.edu/aat/300215390,1989,1989,"Van Gogh fakes: the Wacker affair, with an illustrated catalogue of the forgeries",NULL,"Feilchenfeldt, Walter",NULL,NULL,NULL,NULL,NULL,NULL,NULL,NULL,NULL,NULL,NULL,NULL,"304, repro."
1963.10.153,"Faille 1970, no. 523 (rejected work)",Periodical,http://vocab.getty.edu/aat/300026657,2002,2002,The Wacker Forgeries: a catalogue,NULL,"Koldehoff, Stefan",NULL,NULL,NULL,NULL,NULL,NULL,NULL,NULL,NULL,NULL,NULL,NULL,"139+, repro."
1963.10.153,"Faille 1970, no. 523 (rejected work)",Periodical,http://vocab.getty.edu/aat/300026657,1973,1973,The new de la Faille,NULL,"Pickvance, Ronald",NULL,NULL,NULL,NULL,NULL,NULL,NULL,115,NULL,NULL,NULL,NULL,117.
1963.10.153,"Faille 1970, no. 523 (rejected work)",Academic Journal,http://vocab.getty.edu/aat/300215390,1929,1929,Die van Gogh-Affäre,NULL,"Glaser, Curt",NULL,NULL,NULL,NULL,NULL,NULL,NULL,NULL,Berlin,NULL,NULL,NULL,"131-136, repro."
1963.10.153,"Faille 1970, no. 523 (rejected work)",Academic Journal,http://vocab.getty.edu/aat/300215390,1928,1928,Letter from Berlin,NULL,"Bie, Oscar",NULL,NULL,NULL,NULL,NULL,NULL,NULL,7,London,NULL,NULL,NULL,"85, repro."
1963.10.153,"Faille 1970, no. 523 (rejected work)",Monograph,http://vocab.getty.edu/aat/300060417,1937,1937,"Vincent van Gogh's Great Period: Arles, St. Rémy and Auvers sur Oise (Complete Catalogue)",NULL,"Scherjon, W., and Jos. de Gruyter",NULL,NULL,NULL,NULL,NULL,NULL,NULL,NULL,Amsterdam,NULL,NULL,NULL,"231, repro."
1963.10.153,"Faille 1970, no. 523 (rejected work)",Collection Catalogue,http://vocab.getty.edu/aat/300417819,1929,1929,Before Manet to Modigliani from the Chester Dale Collection,NULL,"Dale, Maud",NULL,NULL,NULL,NULL,NULL,NULL,NULL,NULL,New York,NULL,NULL,NULL,"no. 66, repro., as _Self-Portrait_ by Vincent van Gogh"
1963.10.153,"Faille 1970, no. 523 (rejected work)",Monograph,http://vocab.getty.edu/aat/300060417,1930,1930,Les Faux Van Gogh,NULL,"Faille, J.-B. de la.",NULL,NULL,NULL,NULL,NULL,NULL,NULL,NULL,Paris and Brussels,NULL,NULL,NULL,6.
1963.10.153,"Faille 1970, no. 523 (rejected work)",Catalogue Raisonné,http://vocab.getty.edu/aat/300026061,1970,1970,The Works of Vincent van Gogh: Paintings and Drawings,NULL,"Faille, J.-B. de la",NULL,NULL,NULL,NULL,NULL,NULL,NULL,NULL,Amsterdam,NULL,NULL,NULL,"592, no. 523 (rejected work)."
1963.10.153,"Faille 1970, no. 523 (rejected work)",Catalogue Raisonné,http://vocab.getty.edu/aat/300026061,1971,1971,L'opera pittorica completa di Van Gogh e i suoi nessi grafici,NULL,"Lecaldano, Paolo",NULL,NULL,NULL,NULL,NULL,NULL,NULL,. 2 vols.,Milan,NULL,NULL,NULL,1:no. 464A.
1963.10.153,"Faille 1970, no. 523 (rejected work)",Monograph,http://vocab.getty.edu/aat/300060417,1944,1944,French Impressionists and their Contemporaries Represented in American Collections,NULL,"Jewell, Edward Alden",NULL,NULL,NULL,NULL,NULL,NULL,NULL,NULL,New York,NULL,NULL,NULL,repro. 169.
1963.10.153,"Faille 1970, no. 523 (rejected work)",Monograph,http://vocab.getty.edu/aat/300060417,1963,1963,Die Selbstbildnisse Vincent van Goghs,NULL,"Erpel, Fritz",NULL,NULL,NULL,NULL,NULL,NULL,NULL,NULL,Berlin,NULL,NULL,NULL,"no. 42, repro."
1963.10.153,"Faille 1970, no. 523 (rejected work)",Monograph,http://vocab.getty.edu/aat/300060417,2015,2015,"Ich und Van Gogh: Bilder, Sammler und ihre abenteuerlichen Geschichten",NULL,"Koldehoff, Stefan",NULL,NULL,NULL,NULL,NULL,NULL,NULL,NULL,Berlin,NULL,NULL,NULL,"67-69, color repro. 67."
1969.14.1,"Faille 1970, no. 442 (rejected work)",Monograph,http://vocab.getty.edu/aat/300060417,1930,1930,Les Faux Van Gogh,NULL,"Faille, J.-B. de la.",NULL,NULL,NULL,NULL,NULL,NULL,NULL,NULL,Paris and Brussels,NULL,NULL,NULL,"28-29, no. 117, pl. XXXIII."
1969.14.1,"Faille 1970, no. 442 (rejected work)",Monograph,http://vocab.getty.edu/aat/300060417,1939,1939,Vincent Van Gogh,NULL,"Faille, J.-B. de la.",NULL,NULL,NULL,NULL,NULL,NULL,NULL,NULL,New York and Paris,NULL,NULL,NULL,"587, no. 442."
1969.14.1,"Faille 1970, no. 442 (rejected work)",Catalogue Raisonné,http://vocab.getty.edu/aat/300026061,1970,1970,The Works of Vincent van Gogh: Paintings and Drawings,NULL,"Faille, J.-B. de la",NULL,NULL,NULL,NULL,NULL,NULL,NULL,NULL,Amsterdam,NULL,NULL,NULL,"591, no. F442."
1969.14.1,"Faille 1970, no. 442 (rejected work)",Catalogue Raisonné,http://vocab.getty.edu/aat/300026061,1971,1971,L'opera pittorica completa di Van Gogh e i suoi nessi grafici,NULL,"Lecaldano, Paolo",NULL,NULL,NULL,NULL,NULL,NULL,NULL,. 2 vols.,Milan,NULL,NULL,NULL,no. 532A.
1969.14.1,"Faille 1970, no. 442 (rejected work)",Periodical,http://vocab.getty.edu/aat/300026657,2002,2002,The Wacker Forgeries: a catalogue,NULL,"Koldehoff, Stefan",NULL,NULL,NULL,NULL,NULL,NULL,NULL,NULL,NULL,NULL,NULL,NULL,"139+, repro."
1969.14.1,"Faille 1970, no. 442 (rejected work)",Catalogue Raisonné,http://vocab.getty.edu/aat/300026061,1928,1928,"L'Oeuvre de Vincent Van Gogh, catalogue raisonné",NULL,"Faille, J.-B. de la.",NULL,NULL,NULL,NULL,NULL,NULL,NULL,NULL,Paris and Brussels,NULL,NULL,NULL,1:no. 442; 2:repro.
1970.17.34,"Faille 1970, no. 565",Collection Catalogue,http://vocab.getty.edu/aat/300417819,1975,1975,European Paintings: An Illustrated Summary Catalogue,NULL,National Gallery of Art,NULL,NULL,NULL,NULL,NULL,NULL,NULL,NULL,Washington,NULL,NULL,NULL,"156, repro."
1970.17.34,"Faille 1970, no. 565",Essay,http://vocab.getty.edu/aat/300026291,1984,1984,"National Gallery of Art, Washington",NULL,"Walker, John",NULL,NULL,NULL,NULL,NULL,NULL,NULL,NULL,New York,NULL,NULL,NULL,"520, no. 781, color repro."
1970.17.34,"Faille 1970, no. 565",Catalogue Raisonné,http://vocab.getty.edu/aat/300026061,1991,1991,Joie de vivre: French Paintings from the National Gallery of Art,NULL,"Coman, Florence E.",NULL,NULL,NULL,NULL,NULL,NULL,NULL,NULL,New York,NULL,NULL,NULL,"no. 27, repro."
1970.17.34,"Faille 1970, no. 565",Collection Catalogue,http://vocab.getty.edu/aat/300417819,1919,1919,L'Art Moderne et quelques aspects de l'art d'autrefois,NULL,NULL,NULL,NULL,NULL,NULL,NULL,NULL,NULL,NULL,Paris,NULL,NULL,NULL,"65, repro."
1970.17.34,"Faille 1970, no. 565",Monograph,http://vocab.getty.edu/aat/300060417,1939,1939,Vincent Van Gogh,NULL,"Faille, J.-B. de la.",NULL,NULL,NULL,NULL,NULL,NULL,NULL,NULL,New York and Paris,NULL,NULL,NULL,"381, no. 565, repro."
1970.17.34,"Faille 1970, no. 565",Periodical,http://vocab.getty.edu/aat/300026657,1952,1952,The Molyneux Collection Travels,NULL,"Frankfurter, A.M.",NULL,NULL,NULL,NULL,NULL,NULL,NULL,"51, no. 2",NULL,NULL,NULL,NULL,34.
1970.17.34,"Faille 1970, no. 565",Catalogue Raisonné,http://vocab.getty.edu/aat/300026061,1970,1970,The Works of Vincent van Gogh: Paintings and Drawings,NULL,"Faille, J.-B. de la",NULL,NULL,NULL,NULL,NULL,NULL,NULL,NULL,Amsterdam,NULL,NULL,NULL,"no. F565, repro."
1970.17.34,"Faille 1970, no. 565",Exhibition Catalogue,http://vocab.getty.edu/aat/300026096,1978,1978,Small French Paintings from the Bequest of Ailsa Mellon Bruce,NULL,NULL,NULL,NULL,NULL,NULL,NULL,NULL,NULL,NULL,"National Gallery of Art, Washington, D.C.",NULL,NULL,NULL,"76, repro. (continuing exhibition beginning in 1978)."
1970.17.34,"Faille 1970, no. 565",Catalogue Raisonné,http://vocab.getty.edu/aat/300026061,1980,1980,"The Complete Van Gogh: Paintings, drawings, sketches",NULL,"Hulsker, Jan",NULL,NULL,NULL,NULL,NULL,NULL,NULL,NULL,New York,NULL,NULL,NULL,"324-326, no. 1443, repro."
1970.17.34,"Faille 1970, no. 565",Collection Catalogue,http://vocab.getty.edu/aat/300417819,1985,1985,European Paintings: An Illustrated Catalogue,NULL,National Gallery of Art,NULL,NULL,NULL,NULL,NULL,NULL,NULL,NULL,Washington,NULL,NULL,NULL,"180, repro."
1970.17.34,"Faille 1970, no. 565",Monograph,http://vocab.getty.edu/aat/300060417,1994,1994,Vincent van Gogh: Sämtliche Gemälde,NULL,"Walther, Ingo F., and Rainer Metzger",NULL,NULL,NULL,NULL,NULL,NULL,NULL,2 vols.,Cologne,NULL,NULL,NULL,2:368.
1970.17.34,"Faille 1970, no. 565",Catalogue Raisonné,http://vocab.getty.edu/aat/300026061,1928,1928,"L'Oeuvre de Vincent Van Gogh, catalogue raisonné",NULL,"Faille, J.-B. de la.",NULL,NULL,NULL,NULL,NULL,NULL,NULL,NULL,Paris and Brussels,NULL,NULL,NULL,1:no. 565; 2:repro.
1970.17.34,"Faille 1970, no. 565",Monograph,http://vocab.getty.edu/aat/300060417,1937,1937,"Vincent van Gogh's Great Period: Arles, St. Rémy and Auvers sur Oise (Complete Catalogue)",NULL,"Scherjon, W., and Jos. de Gruyter",NULL,NULL,NULL,NULL,NULL,NULL,NULL,NULL,Amsterdam,NULL,NULL,NULL,"187, no. 170, repro."
1970.17.34,"Faille 1970, no. 565",Monograph,http://vocab.getty.edu/aat/300060417,2011,2011,Vincent's Gardens: Paintings and Drawings by Van Gogh,NULL,"Skea, Ralph",NULL,NULL,NULL,NULL,NULL,NULL,NULL,NULL,New York,NULL,NULL,NULL,"71, no. 45, color repro."
1970.17.34,"Faille 1970, no. 565",Monograph,http://vocab.getty.edu/aat/300060417,2002,2002,The account book of Theo van Gogh and Jo van Gogh-Bonger,NULL,"Stolwijk, Chris, and Han Veenenbos",NULL,NULL,NULL,NULL,NULL,NULL,NULL,NULL,Amsterdam and Leiden,NULL,NULL,NULL,"46 (11/5), 140-141, 178 no. F565 JH 1443."
1970.17.34,"Faille 1970, no. 565",Collection Catalogue,http://vocab.getty.edu/aat/300417819,1975,1975,"National Gallery of Art, Washington",NULL,"Walker, John",NULL,NULL,NULL,NULL,NULL,NULL,NULL,NULL,New York,NULL,NULL,NULL,repro. 525.
1970.17.34,"Faille 1970, no. 565",Monograph,http://vocab.getty.edu/aat/300060417,1916,1916,"Van Gogh, Vincent",NULL,"Duret, Théodore",NULL,NULL,NULL,NULL,NULL,NULL,NULL,NULL,Paris,NULL,NULL,NULL,pl. 26.
1970.17.34,"Faille 1970, no. 565",Periodical,http://vocab.getty.edu/aat/300026657,1966,1966,"Van Gogh's 'Blue Cart' and His Creative Process,",NULL,"Roskill, Mark",NULL,NULL,NULL,NULL,NULL,NULL,NULL,"81, no. 1",NULL,NULL,NULL,NULL,5.
1970.17.34,"Faille 1970, no. 565",Periodical,http://vocab.getty.edu/aat/300026657,1971,1971,Van Gogh’s Exchanges of Work with Emile Bernard in 1888,NULL,"Roskill, Mark",NULL,NULL,NULL,NULL,NULL,NULL,NULL,"86, no. 2/3",NULL,NULL,NULL,NULL,170.
1970.17.34,"Faille 1970, no. 565",Academic Journal,http://vocab.getty.edu/aat/300215390,1997,1997,Refiler à Saintes-Maries’? Pickvance and Hulsker Revisited,NULL,"Dorn, Roland",NULL,NULL,NULL,NULL,NULL,NULL,NULL,NULL,NULL,NULL,NULL,NULL,"20, repro. 21."
1970.17.34,"Faille 1970, no. 565",Academic Journal,http://vocab.getty.edu/aat/300215390,1999,1999,Facts Instead of Suppositions: Roland Dorn Revisited,NULL,"Hulsker, Jan",NULL,NULL,NULL,NULL,NULL,NULL,NULL,NULL,NULL,NULL,NULL,NULL,24-28.
1970.17.34,"Faille 1970, no. 565",Exhibition Catalogue,http://vocab.getty.edu/aat/300026096,2005,2005,Vincent van Gogh: The Drawings,NULL,"Ives, Colta, et al.",NULL,NULL,NULL,NULL,NULL,NULL,NULL,NULL,New Haven,NULL,NULL,NULL,"200, repro."
1970.17.34,"Faille 1970, no. 565",Exhibition Catalogue,http://vocab.getty.edu/aat/300026096,1990,1990,Vincent van Gogh: Drawings,NULL,"Wolk, Johannes van der, Ronald Pickvance, et al.",NULL,NULL,NULL,NULL,NULL,NULL,NULL,NULL,Milan and Rome,NULL,NULL,NULL,234.
1970.17.34,"Faille 1970, no. 565",Exhibition Catalogue,http://vocab.getty.edu/aat/300026096,1966,1966,French Paintings from the Collections of Mr. and Mrs. Paul Mellon and  Mrs. Mellon Bruce,NULL,NULL,NULL,NULL,NULL,NULL,NULL,NULL,NULL,NULL,"National Gallery of Art, Washington",NULL,NULL,NULL,repro. no. 131.
1970.17.34,"Faille 1970, no. 565",Exhibition Catalogue,http://vocab.getty.edu/aat/300026096,2013,2013,Van Gogh Repetitions,NULL,"Rathbone, Eliza E., William H. Robinson, Elizabeth Steele, and Marcia Steele",NULL,NULL,NULL,NULL,NULL,NULL,NULL,NULL,New Haven and London,NULL,NULL,NULL,"repro. (detail) 58, 59, repro. 60."
1983.1.21,"Faille 1970, no. 186",Catalogue Raisonné,http://vocab.getty.edu/aat/300026061,1991,1991,Joie de vivre: French Paintings from the National Gallery of Art,NULL,"Coman, Florence E.",NULL,NULL,NULL,NULL,NULL,NULL,NULL,NULL,New York,NULL,NULL,NULL,"no. 26, repro."
1983.1.21,"Faille 1970, no. 186",Monograph,http://vocab.getty.edu/aat/300060417,1972,1972,Van Goghiana,NULL,"Tralbaut, Marc-Edo",NULL,NULL,NULL,NULL,NULL,NULL,NULL,10 vols.,Antwerp,NULL,NULL,NULL,"7:61-64, repro."
1983.1.21,"Faille 1970, no. 186",Catalogue Raisonné,http://vocab.getty.edu/aat/300026061,1970,1970,The Works of Vincent van Gogh: Paintings and Drawings,NULL,"Faille, J.-B. de la",NULL,NULL,NULL,NULL,NULL,NULL,NULL,NULL,Amsterdam,NULL,NULL,NULL,"no. F186, repro."
1983.1.21,"Faille 1970, no. 186",Catalogue Raisonné,http://vocab.getty.edu/aat/300026061,1980,1980,"The Complete Van Gogh: Paintings, drawings, sketches",NULL,"Hulsker, Jan",NULL,NULL,NULL,NULL,NULL,NULL,NULL,NULL,New York,NULL,NULL,NULL,"82, no. 361, repro."
1983.1.21,"Faille 1970, no. 186",Collection Catalogue,http://vocab.getty.edu/aat/300417819,1985,1985,European Paintings: An Illustrated Catalogue,NULL,National Gallery of Art,NULL,NULL,NULL,NULL,NULL,NULL,NULL,NULL,Washington,NULL,NULL,NULL,"180, repro."
1983.1.21,"Faille 1970, no. 186",Exhibition Catalogue,http://vocab.getty.edu/aat/300026096,1998,1998,Bloemstillevens uit Nederland en België 1870-1940,NULL,NULL,NULL,NULL,NULL,NULL,NULL,NULL,NULL,NULL,Kunsthal Rotterdam,NULL,NULL,NULL,"14-15, repro."
1983.1.21,"Faille 1970, no. 186",Catalogue Raisonné,http://vocab.getty.edu/aat/300026061,1928,1928,"L'Oeuvre de Vincent Van Gogh, catalogue raisonné",NULL,"Faille, J.-B. de la.",NULL,NULL,NULL,NULL,NULL,NULL,NULL,NULL,Paris and Brussels,NULL,NULL,NULL,1:no. 186; 2:repro.
1983.1.21,"Faille 1970, no. 186",Monograph,http://vocab.getty.edu/aat/300060417,1991,1991,America's National Gallery of Art: A Gift to the Nation,NULL,"Kopper, Philip",NULL,NULL,NULL,NULL,NULL,NULL,NULL,NULL,New York,NULL,NULL,NULL,"283, color repro."
1983.1.21,"Faille 1970, no. 186",Monograph,http://vocab.getty.edu/aat/300060417,2011,2011,Vincent's Gardens: Paintings and Drawings by Van Gogh,NULL,"Skea, Ralph",NULL,NULL,NULL,NULL,NULL,NULL,NULL,NULL,New York,NULL,NULL,NULL,"31, 33 no. 16, color repro."
1983.1.21,"Faille 1970, no. 186",Monograph,http://vocab.getty.edu/aat/300060417,1994,1994,Vincent van Gogh: Sämtliche Gemälde,NULL,"Walther, Ingo F., and Rainer Metzger",NULL,NULL,NULL,NULL,NULL,NULL,NULL,2 vols.,Cologne,NULL,NULL,NULL,1:25.
1983.1.21,"Faille 1970, no. 186",Monograph,http://vocab.getty.edu/aat/300060417,1939,1939,Vincent Van Gogh,NULL,"Faille, J.-B. de la.",NULL,NULL,NULL,NULL,NULL,NULL,NULL,NULL,New York and Paris,NULL,NULL,NULL,"45, no. F 186, repro."
1983.1.21,"Faille 1970, no. 186",Exhibition Catalogue,http://vocab.getty.edu/aat/300026096,2000,2000,Van Gogh Face to Face: The Portraits,NULL,"Dorn, Roland et al.",NULL,NULL,NULL,NULL,NULL,NULL,NULL,NULL,Detroit Institute of Arts,NULL,NULL,NULL,"52, fig. 34 (not in the exhibition)."
1983.1.21,"Faille 1970, no. 186",Periodical,http://vocab.getty.edu/aat/300026657,1966,1966,The Glory that was France,NULL,"Goldwater, Robert",NULL,NULL,NULL,NULL,NULL,NULL,NULL,65,New York,NULL,NULL,NULL,42.
1983.1.21,"Faille 1970, no. 186",Periodical,http://vocab.getty.edu/aat/300026657,1966,1966,Golden Loans for a Silver Anniversary,NULL,"Kuh, Katherine",NULL,NULL,NULL,NULL,NULL,NULL,NULL,NULL,NULL,NULL,NULL,NULL,45.
1983.1.21,"Faille 1970, no. 186",Monograph,http://vocab.getty.edu/aat/300060417,1999,1999,Van Gogh's Flowers,NULL,"Mancoff, Debra N.",NULL,NULL,NULL,NULL,NULL,NULL,NULL,NULL,London,NULL,NULL,NULL,"repro. 76-77, 78."
1983.1.21,"Faille 1970, no. 186",Exhibition Catalogue,http://vocab.getty.edu/aat/300026096,1966,1966,French Paintings from the Collections of Mr. and Mrs. Paul Mellon and  Mrs. Mellon Bruce,NULL,NULL,NULL,NULL,NULL,NULL,NULL,NULL,NULL,NULL,"National Gallery of Art, Washington",NULL,NULL,NULL,repro. no. 129.
1991.67.1,"Faille 1970, no. 681",Collection Catalogue,http://vocab.getty.edu/aat/300417819,1919,1919,L'Art Moderne et quelques aspects de l'art d'autrefois,NULL,NULL,NULL,NULL,NULL,NULL,NULL,NULL,NULL,NULL,Paris,NULL,NULL,NULL,pl. 61.
1991.67.1,"Faille 1970, no. 681",Monograph,http://vocab.getty.edu/aat/300060417,1927,1927,L'Epoque française de van Gogh,NULL,"Faille, J.-B. de la",NULL,NULL,NULL,NULL,NULL,NULL,NULL,NULL,Paris,NULL,NULL,NULL,"57, repro."
1991.67.1,"Faille 1970, no. 681",Periodical,http://vocab.getty.edu/aat/300026657,1929,1929,Franzosen in Glasgow,NULL,NULL,NULL,NULL,NULL,NULL,NULL,NULL,NULL,21,NULL,NULL,NULL,NULL,"243, repro. 237."
1991.67.1,"Faille 1970, no. 681",Periodical,http://vocab.getty.edu/aat/300026657,1931,1931,A Modern Setting for Contemporary Pictures,NULL,"Mannes, Marya",NULL,NULL,NULL,NULL,NULL,NULL,NULL,NULL,NULL,NULL,NULL,NULL,"24, repro."
1991.67.1,"Faille 1970, no. 681",Monograph,http://vocab.getty.edu/aat/300060417,1937,1937,"Vincent van Gogh's Great Period: Arles, St. Rémy and Auvers sur Oise (Complete Catalogue)",NULL,"Scherjon, W., and Jos. de Gruyter",NULL,NULL,NULL,NULL,NULL,NULL,NULL,NULL,Amsterdam,NULL,NULL,NULL,"301, no. 110, repro."
1991.67.1,"Faille 1970, no. 681",Monograph,http://vocab.getty.edu/aat/300060417,1939,1939,Vincent Van Gogh,NULL,"Faille, J.-B. de la.",NULL,NULL,NULL,NULL,NULL,NULL,NULL,NULL,New York and Paris,NULL,NULL,NULL,"484, no. 681, repro."
1991.67.1,"Faille 1970, no. 681",Catalogue Raisonné,http://vocab.getty.edu/aat/300026061,1970,1970,The Works of Vincent van Gogh: Paintings and Drawings,NULL,"Faille, J.-B. de la",NULL,NULL,NULL,NULL,NULL,NULL,NULL,NULL,Amsterdam,NULL,NULL,NULL,"no. F681, repro."
1991.67.1,"Faille 1970, no. 681",Catalogue Raisonné,http://vocab.getty.edu/aat/300026061,1980,1980,"The Complete Van Gogh: Paintings, drawings, sketches",NULL,"Hulsker, Jan",NULL,NULL,NULL,NULL,NULL,NULL,NULL,NULL,New York,NULL,NULL,NULL,"448-450, no. 1976, repro."
1991.67.1,"Faille 1970, no. 681",Essay,http://vocab.getty.edu/aat/300026291,1988,1988,"Vincent van Gogh & Paul Cassirer, Berlin: The reception of Van Gogh in Germany from 1901 to 1914",NULL,"Feilchenfeldt, Walter",NULL,NULL,NULL,NULL,NULL,NULL,NULL,NULL,Amsterdam,NULL,NULL,NULL,112.
1991.67.1,"Faille 1970, no. 681",Monograph,http://vocab.getty.edu/aat/300060417,1994,1994,Vincent van Gogh: Sämtliche Gemälde,NULL,"Walther, Ingo F., and Rainer Metzger",NULL,NULL,NULL,NULL,NULL,NULL,NULL,2 vols.,Cologne,NULL,NULL,NULL,2:625.
1991.67.1,"Faille 1970, no. 681",Monograph,http://vocab.getty.edu/aat/300060417,1998,1998,Impressionist Flowers: Art of the Bouquet,NULL,"Whelan, Richard",NULL,NULL,NULL,NULL,NULL,NULL,NULL,NULL,"Cobb, California",NULL,NULL,NULL,
1991.67.1,"Faille 1970, no. 681",Periodical,http://vocab.getty.edu/aat/300026657,1999,1999,The Marie Harriman Gallery,NULL,"Yeide, Nancy H.",NULL,NULL,NULL,NULL,NULL,NULL,NULL,"39, nos. 1-2",NULL,NULL,NULL,NULL,"2-11, repro."
1991.67.1,"Faille 1970, no. 681",Exhibition Catalogue,http://vocab.getty.edu/aat/300026096,2001,2001,Impressionist Still Life,NULL,"Rathbone, Eliza and George T.M. Shackelford",NULL,NULL,NULL,NULL,NULL,NULL,NULL,NULL,"The Phillips Collection, Washington",NULL,NULL,NULL,"175, repro."
1991.67.1,"Faille 1970, no. 681",Periodical,http://vocab.getty.edu/aat/300026657,1933,1933,"The Exhibition of French Art at the ""Art Institute"" of Chicago",NULL,"Rich, Daniel Catton",NULL,NULL,NULL,NULL,NULL,NULL,NULL,NULL,NULL,NULL,NULL,NULL,383.
1991.67.1,"Faille 1970, no. 681",Collection Catalogue,http://vocab.getty.edu/aat/300417819,2004,2004,National Gallery of Art: Master Paintings from the Collection,NULL,"Hand, John Oliver",NULL,NULL,NULL,NULL,NULL,NULL,NULL,NULL,Washington and New York,NULL,NULL,NULL,"376, no. 309, color repro."
1991.67.1,"Faille 1970, no. 681",Monograph,http://vocab.getty.edu/aat/300060417,1999,1999,Van Gogh: Provence and Auvers,NULL,"Welsh-Ovcharov, Bogomila.",NULL,NULL,NULL,NULL,NULL,NULL,NULL,NULL,New York,NULL,NULL,NULL,repro. 224.
1991.67.1,"Faille 1970, no. 681",Monograph,http://vocab.getty.edu/aat/300060417,1991,1991,The Corporate Patron,NULL,"Gingold, Diane J., and Elizabeth A.C. Weil",NULL,NULL,NULL,NULL,NULL,NULL,NULL,NULL,New York,NULL,NULL,NULL,"106, 202-203, color repro."
1991.67.1,"Faille 1970, no. 681",Monograph,http://vocab.getty.edu/aat/300060417,2013,2013,"Capital Culture: J. Carter Brown, the National Gallery of Art, and the Reinvention of the Museum Experience",NULL,"Harris, Neil",NULL,NULL,NULL,NULL,NULL,NULL,NULL,NULL,Chicago and London,NULL,NULL,NULL,417.
1991.67.1,"Faille 1970, no. 681",Periodical,http://vocab.getty.edu/aat/300026657,1991,1991,"The National Gallery of Art, Washington: Fifty Years of Collecting for the Public Good",NULL,"Simon, Robin",NULL,NULL,NULL,NULL,NULL,NULL,NULL,133,NULL,NULL,NULL,NULL,"152, 154, repro."
1991.67.1,"Faille 1970, no. 681",Periodical,http://vocab.getty.edu/aat/300026657,1942,1942,Vincent van Gogh in Baltimore and Worcester,NULL,"Van Loon, Hendrik Willem",NULL,NULL,NULL,NULL,NULL,NULL,NULL,NULL,NULL,NULL,NULL,NULL,"17-18, repro."
1991.67.1,"Faille 1970, no. 681",Exhibition Catalogue,http://vocab.getty.edu/aat/300026096,1991,1991,Art for the Nation: Gifts in Honor of the 50th Anniversary of the National Gallery of Art,NULL,National Gallery of Art,NULL,NULL,NULL,NULL,NULL,NULL,NULL,NULL,"Washington, DC",NULL,NULL,NULL,"238-239, color repro."
1991.67.1,"Faille 1970, no. 681",Monograph,http://vocab.getty.edu/aat/300060417,1925,1925,Van Gogh,NULL,"Colin, Paul",NULL,NULL,NULL,NULL,NULL,NULL,NULL,NULL,Paris,NULL,NULL,NULL,pl. 22.
1991.67.1,"Faille 1970, no. 681",Monograph,http://vocab.getty.edu/aat/300060417,1926,1926,Van Gogh,NULL,"Colin, Paul",NULL,NULL,NULL,NULL,NULL,NULL,NULL,NULL,Paris,NULL,NULL,NULL,pl. 26.
1991.67.1,"Faille 1970, no. 681",Catalogue Raisonné,http://vocab.getty.edu/aat/300026061,1928,1928,"L'Oeuvre de Vincent Van Gogh, catalogue raisonné",NULL,"Faille, J.-B. de la.",NULL,NULL,NULL,NULL,NULL,NULL,NULL,NULL,Paris and Brussels,NULL,NULL,NULL,1:no. 681; 2:repro. as Nature morte: roses.
1991.67.1,"Faille 1970, no. 681",Monograph,http://vocab.getty.edu/aat/300060417,1916,1916,"Van Gogh, Vincent",NULL,"Duret, Théodore",NULL,NULL,NULL,NULL,NULL,NULL,NULL,NULL,Paris,NULL,NULL,NULL,pl. VII.
1991.67.1,"Faille 1970, no. 681",Monograph,http://vocab.getty.edu/aat/300060417,2015,2015,"Ich und Van Gogh: Bilder, Sammler und ihre abenteuerlichen Geschichten",NULL,"Koldehoff, Stefan",NULL,NULL,NULL,NULL,NULL,NULL,NULL,NULL,Berlin,NULL,NULL,NULL,"158-161, repro. 158, color repro. 159."
1991.67.1,"Faille 1970, no. 681",Catalogue Raisonné,http://vocab.getty.edu/aat/300026061,2013,2013,"Vincent van Gogh: The Years in France, Complete Paintings 1886-1890",NULL,"Feilchenfeldt, Walter",NULL,NULL,NULL,NULL,NULL,NULL,NULL,NULL,London,NULL,NULL,NULL,"187, 294."
1991.67.1,"Faille 1970, no. 681",Monograph,http://vocab.getty.edu/aat/300060417,1919,1919,"Van Gogh, Vincent",NULL,"Duret, Théodore",NULL,NULL,NULL,NULL,NULL,NULL,NULL,NULL,Paris,NULL,NULL,NULL,pl. VII.
1991.67.1,"Faille 1970, no. 681",Exhibition Catalogue,http://vocab.getty.edu/aat/300026096,1987,1987,Van Gogh in Saint-Rémy and Auvers,NULL,"Pickvance, Ronald",NULL,NULL,NULL,NULL,NULL,NULL,NULL,NULL,New York,NULL,NULL,NULL,"no. 53, 186-187, repro., not in exhibition."
1991.67.1,"Faille 1970, no. 681",Periodical,http://vocab.getty.edu/aat/300026657,1929,1929,"Art of the Day, Six pictures which are Prominently in the Public Eye",NULL,NULL,NULL,NULL,NULL,NULL,NULL,NULL,NULL,NULL,London,NULL,NULL,NULL,"105, repro."
1998.74.5,"Faille 1970, no. 626",Monograph,http://vocab.getty.edu/aat/300060417,1929,1929,De Zelfportretten van Vinvent van Gogh Uit St. Remy,NULL,"Scherjon, W.",NULL,NULL,NULL,NULL,NULL,NULL,NULL,NULL,Utrecht,NULL,NULL,NULL,"10, repro."
1998.74.5,"Faille 1970, no. 626",Monograph,http://vocab.getty.edu/aat/300060417,1930,1930,Vincent van Gogh,NULL,"Douwes, W.F.",NULL,NULL,NULL,NULL,NULL,NULL,NULL,NULL,Amsterdam,NULL,NULL,NULL,"54, repro. frontispiece."
1998.74.5,"Faille 1970, no. 626",Monograph,http://vocab.getty.edu/aat/300060417,1932,1932,Catalogue des Tableaux par Vincent can Gogh décrits dans des lettres,NULL,"Scherjon, W.",NULL,NULL,NULL,NULL,NULL,NULL,NULL,NULL,Utrecht,NULL,NULL,NULL,"40, repro."
1998.74.5,"Faille 1970, no. 626",Monograph,http://vocab.getty.edu/aat/300060417,1937,1937,"Vincent van Gogh's Great Period: Arles, St. Rémy and Auvers sur Oise (Complete Catalogue)",NULL,"Scherjon, W., and Jos. de Gruyter",NULL,NULL,NULL,NULL,NULL,NULL,NULL,NULL,Amsterdam,NULL,NULL,NULL,"230, no. 28, repro."
1998.74.5,"Faille 1970, no. 626",Monograph,http://vocab.getty.edu/aat/300060417,1939,1939,Vincent Van Gogh,NULL,"Faille, J.-B. de la.",NULL,NULL,NULL,NULL,NULL,NULL,NULL,NULL,New York and Paris,NULL,NULL,NULL,"431, no. 626, repro."
1998.74.5,"Faille 1970, no. 626",Monograph,http://vocab.getty.edu/aat/300060417,1945,1945,Vincent van Gogh,NULL,"Goldscheider, Ludwig, and Wilhelm Uhde",NULL,NULL,NULL,NULL,NULL,NULL,NULL,NULL,"Oxford, London and New York",NULL,NULL,NULL,"no. 72, repro."
1998.74.5,"Faille 1970, no. 626",Periodical,http://vocab.getty.edu/aat/300026657,1946,1946,Brief uit Zwitzerland,NULL,"Schmalenbach, Fritz",NULL,NULL,NULL,NULL,NULL,NULL,NULL,"1, no. 4",NULL,NULL,NULL,NULL,"24, repro."
1998.74.5,"Faille 1970, no. 626",Periodical,http://vocab.getty.edu/aat/300026657,1951,1951,"Rockefeller, Whitney, Senior, Odets, Colin",NULL,"McBride, Henry",NULL,NULL,NULL,NULL,NULL,NULL,NULL,50,NULL,NULL,NULL,NULL,"36, repro."
1998.74.5,"Faille 1970, no. 626",Periodical,http://vocab.getty.edu/aat/300026657,1956,1956,French Paintings in the collection of Mr. and Mrs. John Hay Whitney,NULL,"Rewald, John",NULL,NULL,NULL,NULL,NULL,NULL,NULL,"134, no. 552",NULL,NULL,NULL,NULL,"136, repro."
1998.74.5,"Faille 1970, no. 626",Catalogue Raisonné,http://vocab.getty.edu/aat/300026061,1970,1970,The Works of Vincent van Gogh: Paintings and Drawings,NULL,"Faille, J.-B. de la",NULL,NULL,NULL,NULL,NULL,NULL,NULL,NULL,Amsterdam,NULL,NULL,NULL,"no. F626, repro."
1998.74.5,"Faille 1970, no. 626",Monograph,http://vocab.getty.edu/aat/300060417,1978,1978,The Complete Letters of Vincent van Gogh,NULL,"Van Gogh, Vincent",NULL,NULL,NULL,NULL,NULL,NULL,NULL,3 vols.,London,NULL,NULL,NULL,"3:201-202, 458."
1998.74.5,"Faille 1970, no. 626",Catalogue Raisonné,http://vocab.getty.edu/aat/300026061,1980,1980,"The Complete Van Gogh: Paintings, drawings, sketches",NULL,"Hulsker, Jan",NULL,NULL,NULL,NULL,NULL,NULL,NULL,NULL,New York,NULL,NULL,NULL,"404-406, no. 1770, repro."
1998.74.5,"Faille 1970, no. 626",Monograph,http://vocab.getty.edu/aat/300060417,1994,1994,Vincent van Gogh: Sämtliche Gemälde,NULL,"Walther, Ingo F., and Rainer Metzger",NULL,NULL,NULL,NULL,NULL,NULL,NULL,2 vols.,Cologne,NULL,NULL,NULL,2:534.
1998.74.5,"Faille 1970, no. 626",Monograph,http://vocab.getty.edu/aat/300060417,1995,1995,Tagebücher 1905-1927. Die Jahre mit Carl Sternhaim,NULL,"Sternheim, Thea",NULL,NULL,NULL,NULL,NULL,NULL,NULL,NULL,Mainz,NULL,NULL,NULL,45-46.
1998.74.5,"Faille 1970, no. 626",Monograph,http://vocab.getty.edu/aat/300060417,2000,2000,Vincent van Gogh: The Painter and the Portrait,NULL,"Shackelford, George T.M.",NULL,NULL,NULL,NULL,NULL,NULL,NULL,NULL,New York,NULL,NULL,NULL,"54, repro."
1998.74.5,"Faille 1970, no. 626",Catalogue Raisonné,http://vocab.getty.edu/aat/300026061,1928,1928,"L'Oeuvre de Vincent Van Gogh, catalogue raisonné",NULL,"Faille, J.-B. de la.",NULL,NULL,NULL,NULL,NULL,NULL,NULL,NULL,Paris and Brussels,NULL,NULL,NULL,1:no. 626; 2:repro.
1998.74.5,"Faille 1970, no. 626",Monograph,http://vocab.getty.edu/aat/300060417,1997,1997,"Van Gogh's Progress: Utopia, Modernity, and Late-Nineteenth-Century Art",NULL,"Zemel, Carol",NULL,NULL,NULL,NULL,NULL,NULL,NULL,NULL,"Berkeley, Los Angeles and London",NULL,NULL,NULL,"165-167, repro."
1998.74.5,"Faille 1970, no. 626",Monograph,http://vocab.getty.edu/aat/300060417,2006,2006,By Appointment Only,NULL,"Feilchenfeldt, Walter",NULL,NULL,NULL,NULL,NULL,NULL,NULL,NULL,London and New York,NULL,NULL,NULL,"115, repro."
1998.74.5,"Faille 1970, no. 626",Monograph,http://vocab.getty.edu/aat/300060417,1922,1922,Moderne Kunst in den Privatsammlungen Europas. Holland,NULL,"Huebner, F. M.",NULL,NULL,NULL,NULL,NULL,NULL,NULL,NULL,Leipzig,NULL,NULL,NULL,51-52.
1998.74.5,"Faille 1970, no. 626",Collection Catalogue,http://vocab.getty.edu/aat/300417819,2004,2004,National Gallery of Art: Master Paintings from the Collection,NULL,"Hand, John Oliver",NULL,NULL,NULL,NULL,NULL,NULL,NULL,NULL,Washington and New York,NULL,NULL,NULL,"370-371, no. 304, color repro."
1998.74.5,"Faille 1970, no. 626",Monograph,http://vocab.getty.edu/aat/300060417,2006,2006,De Kunstpaus: H.P. Bremmer 1871-1956,NULL,"Balk, Hildelies",NULL,NULL,NULL,NULL,NULL,NULL,NULL,NULL,Bossum,NULL,NULL,NULL,389.
1998.74.5,"Faille 1970, no. 626",Monograph,http://vocab.getty.edu/aat/300060417,1960,1960,Vincent van Gogh Selbstbildnisse,NULL,"Hammacher, Abraham Marie",NULL,NULL,NULL,NULL,NULL,NULL,NULL,NULL,Stuttgart,NULL,NULL,NULL,"18-19, repro."
1998.74.5,"Faille 1970, no. 626",Periodical,http://vocab.getty.edu/aat/300026657,1903,1903,"Moderne Kunstwerken. Schilderijen, teekeningen en beeldhouwwerken",NULL,"Bremmer, H.P., ed.",NULL,NULL,NULL,NULL,NULL,NULL,NULL,NULL,NULL,NULL,NULL,NULL,pl. 45 “Eigendom van den heer H. Tutein Nolthenius te Delft.”
1998.74.5,"Faille 1970, no. 626",Monograph,http://vocab.getty.edu/aat/300060417,1963,1963,Die Selbstbildnisse Vincent van Goghs,NULL,"Erpel, Fritz",NULL,NULL,NULL,NULL,NULL,NULL,NULL,NULL,Berlin,NULL,NULL,NULL,"no. 41, repro."
1998.74.5,"Faille 1970, no. 626",Exhibition Catalogue,http://vocab.getty.edu/aat/300026096,2014,2014,Van Gogh/Artaud: le suicidé de la société,NULL,NULL,NULL,NULL,NULL,NULL,NULL,NULL,NULL,NULL,Paris,NULL,NULL,NULL,"86, repro. 87."
1998.74.5,"Faille 1970, no. 626",Academic Journal,http://vocab.getty.edu/aat/300215390,2014,2014,Verso la deflagrazione: Van Gogh e Artaud a Parigi,NULL,"Brega, Matteo G.",NULL,NULL,NULL,NULL,NULL,NULL,NULL,29,NULL,NULL,NULL,NULL,50.
1998.74.5,"Faille 1970, no. 626",Monograph,http://vocab.getty.edu/aat/300060417,2014,2014,Van Gogh: l’infinito specchio. Il problema dell’autoritratto e della firma in Vincent,NULL,"Guzzoni, Mariella",NULL,NULL,NULL,NULL,NULL,NULL,NULL,NULL,Milan,NULL,NULL,NULL,"repro. 140, 142, pl. 38."
1998.74.5,"Faille 1970, no. 626",Monograph,http://vocab.getty.edu/aat/300060417,2015,2015,Van Gogh: The Asylum Year,NULL,"Mullins, Edwin",NULL,NULL,NULL,NULL,NULL,NULL,NULL,NULL,London,NULL,NULL,NULL,repro. 78.
1998.74.5,"Faille 1970, no. 626",Ph.D. Dissertation,http://vocab.getty.edu/aat/300312076,1954,1954,Die Selbstbildnisse Vincent van Goghs,NULL,"Bromig-Kolleritz, Katharina",NULL,NULL,NULL,NULL,NULL,NULL,NULL,NULL,Munich,NULL,NULL,NULL,"21-22, 113."
1998.74.5,"Faille 1970, no. 626",Monograph,http://vocab.getty.edu/aat/300060417,1950,1950,Vincent van Gogh,NULL,"Schapiro, Meyer",NULL,NULL,NULL,NULL,NULL,NULL,NULL,NULL,New York,NULL,NULL,NULL,"102, repro."
1998.74.5,"Faille 1970, no. 626",Monograph,http://vocab.getty.edu/aat/300060417,1951,1951,Vincent van Gogh,NULL,"Schapiro, Meyer",NULL,NULL,NULL,NULL,NULL,NULL,NULL,NULL,London,NULL,NULL,NULL,"102, repro."
2013.122.1,"Faille 1970, no. 807",Monograph,http://vocab.getty.edu/aat/300060417,1994,1994,Les 70 jours de van Gogh à Auvers,NULL,"Gachet, Paul",NULL,NULL,NULL,NULL,NULL,NULL,NULL,NULL,Saint-Ouen-l'Aumône,NULL,NULL,NULL,"138, repro."
2013.122.1,"Faille 1970, no. 807",Catalogue Raisonné,http://vocab.getty.edu/aat/300026061,1980,1980,"The Complete Van Gogh: Paintings, drawings, sketches",NULL,"Hulsker, Jan",NULL,NULL,NULL,NULL,NULL,NULL,NULL,NULL,New York,NULL,NULL,NULL,"no. 1980, repro."
2013.122.1,"Faille 1970, no. 807",Catalogue Raisonné,http://vocab.getty.edu/aat/300026061,1971,1971,L'opera pittorica completa di Van Gogh e i suoi nessi grafici,NULL,"Lecaldano, Paolo",NULL,NULL,NULL,NULL,NULL,NULL,NULL,. 2 vols.,Milan,NULL,NULL,NULL,"1:no. 859, repro."
2013.122.1,"Faille 1970, no. 807",Periodical,http://vocab.getty.edu/aat/300026657,1912,1912,Der Künstler und seine Welt: Curt Hermann - Derlin als Maler und Sammler,NULL,NULL,NULL,NULL,NULL,NULL,NULL,NULL,NULL,NULL,NULL,NULL,NULL,NULL,"131-138, repro."
2013.122.1,"Faille 1970, no. 807",Monograph,http://vocab.getty.edu/aat/300060417,1939,1939,Vincent Van Gogh,NULL,"Faille, J.-B. de la.",NULL,NULL,NULL,NULL,NULL,NULL,NULL,NULL,New York and Paris,NULL,NULL,NULL,"no. F. 807, repro."
2013.122.1,"Faille 1970, no. 807",Exhibition Catalogue,http://vocab.getty.edu/aat/300026096,2006,2006,Van Gogh and Britain: Pioneer Collectors,NULL,"Bailey, Martin",NULL,NULL,NULL,NULL,NULL,NULL,NULL,NULL,NULL,NULL,NULL,NULL,122-123.
2013.122.1,"Faille 1970, no. 807",Essay,http://vocab.getty.edu/aat/300026291,1988,1988,"Vincent van Gogh & Paul Cassirer, Berlin: The reception of Van Gogh in Germany from 1901 to 1914",NULL,"Feilchenfeldt, Walter",NULL,NULL,NULL,NULL,NULL,NULL,NULL,NULL,Amsterdam,NULL,NULL,NULL,"122, repro."
2013.122.1,"Faille 1970, no. 807",Monograph,http://vocab.getty.edu/aat/300060417,1929,1929,Vincent van Gogh,NULL,"Pfister, Kurt",NULL,NULL,NULL,NULL,NULL,NULL,NULL,NULL,Berlin,NULL,NULL,NULL,pl. 41.
2013.122.1,"Faille 1970, no. 807",Periodical,http://vocab.getty.edu/aat/300026657,2002,2002,Collecting Paintings by Van Gogh in Britain before the Second World War,NULL,"Korn, Madeleine",NULL,NULL,NULL,NULL,NULL,NULL,NULL,NULL,Amsterdam,NULL,NULL,NULL,137.
2013.122.1,"Faille 1970, no. 807",Exhibition Catalogue,http://vocab.getty.edu/aat/300026096,1989,1989,Curt Hermann 1854-1929 Ein Maler der Moderne in Berlin,NULL,Berlin Museum,NULL,NULL,NULL,NULL,NULL,NULL,NULL,NULL,Berlin,NULL,NULL,NULL,"92, repro. 33."
2013.122.1,"Faille 1970, no. 807",Essay,http://vocab.getty.edu/aat/300026291,1911,1911,Der Kampf um den Stil,NULL,"Hermann, Curt",NULL,NULL,NULL,NULL,NULL,NULL,NULL,NULL,Berlin,NULL,NULL,NULL,115.
2013.122.1,"Faille 1970, no. 807",Newspaper,http://vocab.getty.edu/aat/300026656,2013,2013,"National Gallery Welcomes Gift of van Gogh's ""Final Gasp""",NULL,"Boyle, Katherine",NULL,NULL,NULL,NULL,NULL,NULL,NULL,"137, no. 15",NULL,NULL,NULL,NULL,"C8, color repro."
2013.122.1,"Faille 1970, no. 807",Newspaper,http://vocab.getty.edu/aat/300026656,2013,2013,Inside Art: A Van Gogh Out of the Living Room,NULL,"Vogel, Carol",NULL,NULL,NULL,NULL,NULL,NULL,NULL,"163, no. 56,356",NULL,NULL,NULL,NULL,"C25, color repro."
2013.122.1,"Faille 1970, no. 807",Exhibition Catalogue,http://vocab.getty.edu/aat/300026096,1966,1966,French Paintings from the Collections of Mr. and Mrs. Paul Mellon and  Mrs. Mellon Bruce,NULL,NULL,NULL,NULL,NULL,NULL,NULL,NULL,NULL,NULL,"National Gallery of Art, Washington",NULL,NULL,NULL,repro. no. 135.
2013.122.1,"Faille 1970, no. 807",Periodical,http://vocab.getty.edu/aat/300026657,2014,2014,National Gallery of Art Bulletin,NULL,Varous,NULL,NULL,NULL,NULL,NULL,NULL,NULL,50,NULL,NULL,NULL,NULL,"20-21, repro."
2013.122.1,"Faille 1970, no. 807",Exhibition Catalogue,http://vocab.getty.edu/aat/300026096,2002,2002,Van Gogh: Fields - The Field with Poppies and the Artists' Dispute,NULL,Kunsthalle Bremen,NULL,NULL,NULL,NULL,NULL,NULL,NULL,NULL,NULL,NULL,NULL,NULL,"104-105, color repro."
2013.122.1,"Faille 1970, no. 807",Exhibition Catalogue,http://vocab.getty.edu/aat/300026096,2009,2009,Vincent van Gogh -- Between Earth and Heaven: The Landscapes,NULL,Kunstmuseum Basel,NULL,NULL,NULL,NULL,NULL,NULL,NULL,NULL,Basel,NULL,NULL,NULL,"270, repro.  fig. 100."
2013.122.1,"Faille 1970, no. 807",Monograph,http://vocab.getty.edu/aat/300060417,2009,2009,Vincent van Gogh à Auvers,NULL,"Van der Veen, Wouter, and Peter Knapp",NULL,NULL,NULL,NULL,NULL,NULL,NULL,NULL,Paris,NULL,NULL,NULL,"140, repro."
2013.122.1,"Faille 1970, no. 807",Catalogue Raisonné,http://vocab.getty.edu/aat/300026061,1970,1970,The Works of Vincent van Gogh: Paintings and Drawings,NULL,"Faille, J.-B. de la",NULL,NULL,NULL,NULL,NULL,NULL,NULL,NULL,Amsterdam,NULL,NULL,NULL,"no. F807, repro."
2014.18.13,"Faille 1970, no. 502",Monograph,http://vocab.getty.edu/aat/300060417,1939,1939,Vincent Van Gogh,NULL,"Faille, J.-B. de la.",NULL,NULL,NULL,NULL,NULL,NULL,NULL,NULL,New York and Paris,NULL,NULL,NULL,"372, no. 525, repro."
2014.18.13,"Faille 1970, no. 502",Catalogue Raisonné,http://vocab.getty.edu/aat/300026061,1928,1928,"L'Oeuvre de Vincent Van Gogh, catalogue raisonné",NULL,"Faille, J.-B. de la.",NULL,NULL,NULL,NULL,NULL,NULL,NULL,NULL,Paris and Brussels,NULL,NULL,NULL,1:no. 502; 2:repro.
2014.18.13,"Faille 1970, no. 502",Academic Journal,http://vocab.getty.edu/aat/300215390,1981,1981,Van Gogh's Concept of His Oeuvre,NULL,"Uitert, Evert van",NULL,NULL,NULL,NULL,NULL,NULL,NULL,"12, no. 4",NULL,NULL,NULL,NULL,"241-242, fig. 14."
2014.18.13,"Faille 1970, no. 502",Monograph,http://vocab.getty.edu/aat/300060417,1958,1958,The Complete Letters of Vincent van Gogh,NULL,"Gogh, Vincent van
Johanna van Gogh-Bonger, ed.",NULL,NULL,NULL,NULL,NULL,NULL,NULL,3 vols.,NULL,NULL,NULL,NULL,"3:126, letter 573."
2014.18.13,"Faille 1970, no. 502",Monograph,http://vocab.getty.edu/aat/300060417,1930,1930,Vincent Van Gogh,NULL,"Knapp, Fritz",NULL,NULL,NULL,NULL,NULL,NULL,NULL,NULL,Leipzig,NULL,NULL,NULL,"41, pl. 31."
2014.18.13,"Faille 1970, no. 502",Monograph,http://vocab.getty.edu/aat/300060417,1948,1948,"Van Gogh, 1853-1890",NULL,"James, Philip",NULL,NULL,NULL,NULL,NULL,NULL,NULL,NULL,London,NULL,NULL,NULL,"cover repro., 14, pl. 7."
2014.18.13,"Faille 1970, no. 502",Catalogue Raisonné,http://vocab.getty.edu/aat/300026061,2013,2013,"Vincent van Gogh: The Years in France, Complete Paintings 1886-1890",NULL,"Feilchenfeldt, Walter",NULL,NULL,NULL,NULL,NULL,NULL,NULL,NULL,London,NULL,NULL,NULL,"131, repro., as _Oranges, Lemons and Blue Gloves_."
2014.18.13,"Faille 1970, no. 502",Periodical,http://vocab.getty.edu/aat/300026657,1962,1962,NULL,NULL,NULL,NULL,NULL,NULL,NULL,NULL,NULL,NULL,"104, no. 710",,NULL,NULL,NULL,"n.p., repro."
2014.18.13,"Faille 1970, no. 502",Academic Journal,http://vocab.getty.edu/aat/300215390,1993,1993,Cézanne en Van Gogh in het Rijksmuseum voor Moderne Kunst in Amsterdam: de collectie van Cornelis Hoogendijk (1866-1911),NULL,"Henkels, Herbert",NULL,NULL,NULL,NULL,NULL,NULL,NULL,"41, no. 3-4",NULL,NULL,NULL,NULL,"227, 228 fig. 102, 292."
2014.18.13,"Faille 1970, no. 502",Periodical,http://vocab.getty.edu/aat/300026657,2014,2014,National Gallery of Art Bulletin,NULL,Various,NULL,NULL,NULL,NULL,NULL,NULL,NULL,no. 51,NULL,NULL,NULL,NULL,"14, repro."
2014.18.13,"Faille 1970, no. 502",Periodical,http://vocab.getty.edu/aat/300026657,1929,1929,Van Gogh in 1929: Europe and America,NULL,"Rutter, Frank and Helen Comstock",NULL,NULL,NULL,NULL,NULL,NULL,NULL,93,NULL,NULL,NULL,NULL,"38-41, repro."
2014.18.13,"Faille 1970, no. 502",Exhibition Catalogue,http://vocab.getty.edu/aat/300026096,1966,1966,French Paintings from the Collections of Mr. and Mrs. Paul Mellon and  Mrs. Mellon Bruce,NULL,NULL,NULL,NULL,NULL,NULL,NULL,NULL,NULL,NULL,"National Gallery of Art, Washington",NULL,NULL,NULL,repro. no. 134.
2014.18.13,"Faille 1970, no. 502",Monograph,http://vocab.getty.edu/aat/300060417,1996,1996,Vincent van Gogh: Still Life with Peonies,NULL,"Klusmann, Georg",NULL,NULL,NULL,NULL,NULL,NULL,NULL,NULL,Mainburg,NULL,NULL,NULL,44.
2014.18.13,"Faille 1970, no. 502",Periodical,http://vocab.getty.edu/aat/300026657,1948,1948,Vincent van Gogh en de Hagenaars: Een stilleven bij Van Wisselingh,NULL,"Engelman, Jan",NULL,NULL,NULL,NULL,NULL,NULL,NULL,NULL,NULL,NULL,NULL,NULL,repro.
2014.18.13,"Faille 1970, no. 502",Catalogue Raisonné,http://vocab.getty.edu/aat/300026061,1970,1970,The Works of Vincent van Gogh: Paintings and Drawings,NULL,"Faille, J.-B. de la",NULL,NULL,NULL,NULL,NULL,NULL,NULL,NULL,Amsterdam,NULL,NULL,NULL,"no. F502, repro"
