locationid,site,room,publicaccess,description,unitposition
3591,East Building,EBL,1,East Bldg Lawn,
3592,East Building,EBL,1,East Bldg Lawn,E
3593,East Building,EBL,1,East Bldg Lawn,S
3594,East Building,EBL,1,East Bldg Lawn,W
3617,East Building,EC-003,1,"East Bldg, Auditorium Lobby",
3618,East Building,EC-003,1,"East Bldg, Auditorium Lobby",E
3619,East Building,EC-003,1,"East Bldg, Auditorium Lobby",N
3620,East Building,EC-003,1,"East Bldg, Auditorium Lobby",S
3621,East Building,EC-003,1,"East Bldg, Auditorium Lobby",W
3627,East Building,EC-005,1,"East Bldg, Auditorium",
3628,East Building,EC-005,1,"East Bldg, Auditorium",E
3629,East Building,EC-005,1,"East Bldg, Auditorium",N
3630,East Building,EC-005,1,"East Bldg, Auditorium",S
3631,East Building,EC-005,1,"East Bldg, Auditorium",W
3680,East Building,EC-028,1,"East Bldg, Concourse Gallery Lobby",
3681,East Building,EC-028,1,"East Bldg, Concourse Gallery Lobby",E
3682,East Building,EC-028,1,"East Bldg, Concourse Gallery Lobby",N
3683,East Building,EC-028,1,"East Bldg, Concourse Gallery Lobby",S
3684,East Building,EC-028,1,"East Bldg, Concourse Gallery Lobby",W
3809,East Building,EG-100,1,"East Bldg, Central Atrium",
3810,East Building,EG-100,1,"East Bldg, Central Atrium",E
3811,East Building,EG-100,1,"East Bldg, Central Atrium",N
3812,East Building,EG-100,1,"East Bldg, Central Atrium",S
3813,East Building,EG-100,1,"East Bldg, Central Atrium",W
3814,East Building,EG-101,1,"East Bldg, Entrance Lobby",
3815,East Building,EG-101,1,"East Bldg, Entrance Lobby",E
3816,East Building,EG-101,1,"East Bldg, Entrance Lobby",N
3817,East Building,EG-101,1,"East Bldg, Entrance Lobby",W
3850,East Building,EG-105,1,"East Bldg, Vestibule, 105 (Pod 1)",
3851,East Building,EG-105,1,"East Bldg, Vestibule, 105 (Pod 1)",W
3863,East Building,EG-107,1,"East Bldg, Ground, Elevator Lobby",
3864,East Building,EG-107,1,"East Bldg, Ground, Elevator Lobby",N
3865,East Building,EG-107,1,"East Bldg, Ground, Elevator Lobby",S
3922,East Building,EM-201,1,"East Bldg, Mezz. Landing",S
3923,East Building,EM-203,1,"East Bldg, Mezz. Terrace",
3924,East Building,EM-203,1,"East Bldg, Mezz. Terrace",E
3925,East Building,EM-203,1,"East Bldg, Mezz. Terrace",N
3926,East Building,EM-203,1,"East Bldg, Mezz. Terrace",S
3928,East Building,EM-204,1,"East Bldg, Mezz. Elevator Lobby",
3929,East Building,EM-204,1,"East Bldg, Mezz. Elevator Lobby",S
3932,East Building,EM-214-A,1,"East Bldg, Mezz Gal 214A (Pod 2)",
3933,East Building,EM-214-A,1,"East Bldg, Mezz Gal 214A (Pod 2)",E
3934,East Building,EM-214-A,1,"East Bldg, Mezz Gal 214A (Pod 2)",N
3935,East Building,EM-214-A,1,"East Bldg, Mezz Gal 214A (Pod 2)",S
3936,East Building,EM-214-A,1,"East Bldg, Mezz Gal 214A (Pod 2)",W
3947,East Building,EM-216,1,"East Bldg, Vestibule, 216 (Pod 1)",
3948,East Building,EM-216,1,"East Bldg, Vestibule, 216 (Pod 1)",N
3949,East Building,EM-216,1,"East Bldg, Vestibule, 216 (Pod 1)",S
3955,East Building,EM-217-B,1,"East Bldg, Mezz Gal 217B (Pod 1)",
3956,East Building,EM-217-B,1,"East Bldg, Mezz Gal 217B (Pod 1)",E
3957,East Building,EM-217-B,1,"East Bldg, Mezz Gal 217B (Pod 1)",N
3958,East Building,EM-217-B,1,"East Bldg, Mezz Gal 217B (Pod 1)",S
3959,East Building,EM-217-B,1,"East Bldg, Mezz Gal 217B (Pod 1)",W
3968,East Building,ENT,1,"East Bldg, North Terrace",
3971,East Building,EST,1,"East Bldg, South Terrace",
4166,East Building,EU-401,1,"East Bldg, Upper, Elevator Lobby",
4167,East Building,EU-401,1,"East Bldg, Upper, Elevator Lobby",S
4168,East Building,EU-401,1,"East Bldg, Upper, Elevator Lobby",W
4206,East Building,EU-405,1,"East Bldg, West Terrace",
4207,East Building,EU-405,1,"East Bldg, West Terrace",N
4208,East Building,EU-405,1,"East Bldg, West Terrace",S
4209,East Building,EU-405,1,"East Bldg, West Terrace",W
4210,East Building,EU-406-A,1,"East Bldg, Upr Lvl Gal 406A (Pod 2)",
4211,East Building,EU-406-A,1,"East Bldg, Upr Lvl Gal 406A (Pod 2)",E
4212,East Building,EU-406-A,1,"East Bldg, Upr Lvl Gal 406A (Pod 2)",N
4213,East Building,EU-406-A,1,"East Bldg, Upr Lvl Gal 406A (Pod 2)",S
4214,East Building,EU-406-A,1,"East Bldg, Upr Lvl Gal 406A (Pod 2)",W
4215,East Building,EU-406-B,1,"East Bldg, Upr Lvl Gal 406B (Pod 2)",
4216,East Building,EU-406-B,1,"East Bldg, Upr Lvl Gal 406B (Pod 2)",E
4217,East Building,EU-406-B,1,"East Bldg, Upr Lvl Gal 406B (Pod 2)",N
4218,East Building,EU-406-B,1,"East Bldg, Upr Lvl Gal 406B (Pod 2)",S
4219,East Building,EU-406-B,1,"East Bldg, Upr Lvl Gal 406B (Pod 2)",W
4220,East Building,EU-406-C,1,"East Bldg, Upr Lvl Gal 406C (Pod 2)",
4221,East Building,EU-406-C,1,"East Bldg, Upr Lvl Gal 406C (Pod 2)",E
4222,East Building,EU-406-C,1,"East Bldg, Upr Lvl Gal 406C (Pod 2)",N
4223,East Building,EU-406-C,1,"East Bldg, Upr Lvl Gal 406C (Pod 2)",S
4224,East Building,EU-406-C,1,"East Bldg, Upr Lvl Gal 406C (Pod 2)",W
4266,East Building,EU-408,1,"East Bldg, Vestibule, 408 (Pod 2)",
4267,East Building,EU-408,1,"East Bldg, Vestibule, 408 (Pod 2)",N
4268,East Building,EU-414,1,"East Bldg, Vestibule, 414 (Pod 1)",
4269,East Building,EU-414,1,"East Bldg, Vestibule, 414 (Pod 1)",N
4270,East Building,EU-414,1,"East Bldg, Vestibule, 414 (Pod 1)",S
4271,East Building,EU-414,1,"East Bldg, Vestibule, 414 (Pod 1)",W
4277,East Building,EU-415-B,1,"East Bldg, Upr Lvl Gal 415B (Pod 1)",
4278,East Building,EU-415-B,1,"East Bldg, Upr Lvl Gal 415B (Pod 1)",E
4279,East Building,EU-415-B,1,"East Bldg, Upr Lvl Gal 415B (Pod 1)",N
4280,East Building,EU-415-B,1,"East Bldg, Upr Lvl Gal 415B (Pod 1)",S
4281,East Building,EU-415-B,1,"East Bldg, Upr Lvl Gal 415B (Pod 1)",W
4288,East Building,S-109,1,"Study Center, Ground Level S-109",
4289,East Building,S-109,1,"Study Center, Ground Level S-109",S
4290,East Building,S-111,1,"Study Center, Ground Level S-111",
4291,East Building,S-111,1,"Study Center, Ground Level S-111",N
4296,East Building,S-131,1,"Study Center, Ground Level S-131",E
4459,West Building,G-001-A,1,West Ground Floor Gallery 1A,
4460,West Building,G-001-A,1,West Ground Floor Gallery 1A,E
4461,West Building,G-001-A,1,West Ground Floor Gallery 1A,W
4462,West Building,G-001-B,1,West Ground Floor Gallery 1B,
4463,West Building,G-001-B,1,West Ground Floor Gallery 1B,E
4464,West Building,G-001-B,1,West Ground Floor Gallery 1B,W
4465,West Building,G-001-C,1,West Ground Floor Gallery 1C,
4466,West Building,G-001-C,1,West Ground Floor Gallery 1C,E
4467,West Building,G-001-C,1,West Ground Floor Gallery 1C,W
4468,West Building,G-002,1,West Ground Floor Gallery 2,
4469,West Building,G-002,1,West Ground Floor Gallery 2,E
4470,West Building,G-002,1,West Ground Floor Gallery 2,N
4471,West Building,G-002,1,West Ground Floor Gallery 2,S
4472,West Building,G-002,1,West Ground Floor Gallery 2,W
4473,West Building,G-003,1,West Ground Floor Gallery 3,
4474,West Building,G-003,1,West Ground Floor Gallery 3,E
4475,West Building,G-003,1,West Ground Floor Gallery 3,N
4476,West Building,G-003,1,West Ground Floor Gallery 3,W
4478,West Building,G-004,1,West Ground Floor Gallery 4,
4479,West Building,G-004,1,West Ground Floor Gallery 4,E
4480,West Building,G-004,1,West Ground Floor Gallery 4,S
4481,West Building,G-005,1,West Ground Floor Gallery 5,
4482,West Building,G-005,1,West Ground Floor Gallery 5,E
4483,West Building,G-005,1,West Ground Floor Gallery 5,N
4484,West Building,G-005,1,West Ground Floor Gallery 5,W
4485,West Building,G-006,1,West Ground Floor Gallery 6,
4486,West Building,G-006,1,West Ground Floor Gallery 6,E
4487,West Building,G-006,1,West Ground Floor Gallery 6,N
4488,West Building,G-006,1,West Ground Floor Gallery 6,S
4489,West Building,G-006,1,West Ground Floor Gallery 6,W
4490,West Building,G-007,1,West Ground Floor Gallery 7,
4491,West Building,G-007,1,West Ground Floor Gallery 7,E
4492,West Building,G-007,1,West Ground Floor Gallery 7,W
4493,West Building,G-008,1,West Ground Floor Gallery 8,
4494,West Building,G-008,1,West Ground Floor Gallery 8,E
4495,West Building,G-008,1,West Ground Floor Gallery 8,W
4496,West Building,G-009,1,West Ground Floor Gallery 9,
4497,West Building,G-009,1,West Ground Floor Gallery 9,E
4498,West Building,G-009,1,West Ground Floor Gallery 9,N
4499,West Building,G-009,1,West Ground Floor Gallery 9,S
4500,West Building,G-009,1,West Ground Floor Gallery 9,W
4501,West Building,G-010,1,West Ground Floor Gallery 10,
4502,West Building,G-010,1,West Ground Floor Gallery 10,E
4503,West Building,G-010,1,West Ground Floor Gallery 10,N
4504,West Building,G-010,1,West Ground Floor Gallery 10,S
4505,West Building,G-010,1,West Ground Floor Gallery 10,W
4506,West Building,G-011,1,West Ground Floor Gallery 11,
4507,West Building,G-011,1,West Ground Floor Gallery 11,E
4508,West Building,G-011,1,West Ground Floor Gallery 11,N
4509,West Building,G-011,1,West Ground Floor Gallery 11,S
4510,West Building,G-011,1,West Ground Floor Gallery 11,W
4511,West Building,G-011-A,1,West Ground Floor Gallery 11A,
4512,West Building,G-011-A,1,West Ground Floor Gallery 11A,E
4513,West Building,G-011-A,1,West Ground Floor Gallery 11A,N
4514,West Building,G-011-A,1,West Ground Floor Gallery 11A,S
4515,West Building,G-011-A,1,West Ground Floor Gallery 11A,W
4516,West Building,G-012,1,West Ground Floor Gallery 12,
4517,West Building,G-012,1,West Ground Floor Gallery 12,E
4518,West Building,G-012,1,West Ground Floor Gallery 12,N
4519,West Building,G-012,1,West Ground Floor Gallery 12,S
4520,West Building,G-012,1,West Ground Floor Gallery 12,W
4521,West Building,G-013,1,West Ground Floor Gallery 13,
4522,West Building,G-013,1,West Ground Floor Gallery 13,E
4523,West Building,G-013,1,West Ground Floor Gallery 13,N
4524,West Building,G-013,1,West Ground Floor Gallery 13,S
4525,West Building,G-013,1,West Ground Floor Gallery 13,W
4766,West Building,G-013-A,1,West Ground Floor Gallery 13A,
4767,West Building,G-013-A,1,West Ground Floor Gallery 13A,E
4768,West Building,G-013-A,1,West Ground Floor Gallery 13A,N
4769,West Building,G-013-A,1,West Ground Floor Gallery 13A,S
4770,West Building,G-013-A,1,West Ground Floor Gallery 13A,W
4784,West Building,G-014,1,West Ground Floor Gallery 14,
4785,West Building,G-014,1,West Ground Floor Gallery 14,E
4786,West Building,G-014,1,West Ground Floor Gallery 14,N
4787,West Building,G-014,1,West Ground Floor Gallery 14,S
4788,West Building,G-014,1,West Ground Floor Gallery 14,W
5605,West Building,G-015,1,West Ground Floor Gallery 15,
5606,West Building,G-015,1,West Ground Floor Gallery 15,E
5607,West Building,G-015,1,West Ground Floor Gallery 15,N
5608,West Building,G-015,1,West Ground Floor Gallery 15,S
5609,West Building,G-015,1,West Ground Floor Gallery 15,W
5610,West Building,G-016,1,West Ground Floor Gallery 16,
5611,West Building,G-017,1,West Ground Floor Gallery 17,
5612,West Building,G-017,1,West Ground Floor Gallery 17,E
5613,West Building,G-017,1,West Ground Floor Gallery 17,N
5614,West Building,G-017,1,West Ground Floor Gallery 17,S
5615,West Building,G-017,1,West Ground Floor Gallery 17,W
5642,West Building,G-018,1,West Ground Floor Gallery 18,
5643,West Building,G-018,1,West Ground Floor Gallery 18,E
5644,West Building,G-018,1,West Ground Floor Gallery 18,W
5645,West Building,G-019,1,West Ground Floor Gallery 19,
5646,West Building,G-019,1,West Ground Floor Gallery 19,E
5647,West Building,G-019,1,West Ground Floor Gallery 19,N
5648,West Building,G-019,1,West Ground Floor Gallery 19,S
5649,West Building,G-019,1,West Ground Floor Gallery 19,W
6470,West Building,G-021,1,West Ground Floor Gallery 21,
6471,West Building,G-021,1,West Ground Floor Gallery 21,W
6472,West Building,G-022,1,West Ground Floor Gallery 22,
6473,West Building,G-022,1,West Ground Floor Gallery 22,E
6474,West Building,G-022,1,West Ground Floor Gallery 22,N
6475,West Building,G-022,1,West Ground Floor Gallery 22,W
6476,West Building,G-022-A,1,West Ground Floor Gallery 22A,
6477,West Building,G-022-A,1,West Ground Floor Gallery 22A,E
6478,West Building,G-022-A,1,West Ground Floor Gallery 22A,N
6479,West Building,G-022-A,1,West Ground Floor Gallery 22A,S
6480,West Building,G-022-A,1,West Ground Floor Gallery 22A,W
6481,West Building,G-023,1,West Ground Floor Gallery 23,
6482,West Building,G-023,1,West Ground Floor Gallery 23,E
6483,West Building,G-023,1,West Ground Floor Gallery 23,N
6484,West Building,G-023,1,West Ground Floor Gallery 23,S
6485,West Building,G-023,1,West Ground Floor Gallery 23,W
6486,West Building,G-024,1,West Ground Floor Gallery 24,
6487,West Building,G-024,1,West Ground Floor Gallery 24,E
6488,West Building,G-024,1,West Ground Floor Gallery 24,N
6489,West Building,G-024,1,West Ground Floor Gallery 24,S
6490,West Building,G-024,1,West Ground Floor Gallery 24,W
6491,West Building,G-025,1,West Ground Floor Gallery 25,
6492,West Building,G-025,1,West Ground Floor Gallery 25,E
6493,West Building,G-025,1,West Ground Floor Gallery 25,N
6494,West Building,G-025,1,West Ground Floor Gallery 25,S
6495,West Building,G-025,1,West Ground Floor Gallery 25,W
6497,West Building,G-026,1,West Ground Floor Gallery 26,
6498,West Building,G-026,1,West Ground Floor Gallery 26,E
6499,West Building,G-026,1,West Ground Floor Gallery 26,N
6500,West Building,G-026,1,West Ground Floor Gallery 26,S
6501,West Building,G-026,1,West Ground Floor Gallery 26,W
6502,West Building,G-026-A,1,West Ground Floor Gallery 26A,
6503,West Building,G-026-A,1,West Ground Floor Gallery 26A,E
6504,West Building,G-026-A,1,West Ground Floor Gallery 26A,N
6505,West Building,G-026-A,1,West Ground Floor Gallery 26A,S
6506,West Building,G-026-A,1,West Ground Floor Gallery 26A,W
6507,West Building,G-026-B,1,West Ground Floor Gallery 26B,
6508,West Building,G-026-B,1,West Ground Floor Gallery 26B,E
6509,West Building,G-026-B,1,West Ground Floor Gallery 26B,N
6510,West Building,G-026-B,1,West Ground Floor Gallery 26B,S
6511,West Building,G-026-B,1,West Ground Floor Gallery 26B,W
6517,West Building,G-027,1,West Ground Floor Gallery 27,
6518,West Building,G-027,1,West Ground Floor Gallery 27,E
6519,West Building,G-027,1,West Ground Floor Gallery 27,N
6520,West Building,G-027,1,West Ground Floor Gallery 27,S
6521,West Building,G-027,1,West Ground Floor Gallery 27,W
6522,West Building,G-028,1,West Ground Floor Gallery 28,
6523,West Building,G-028,1,West Ground Floor Gallery 28,E
6524,West Building,G-028,1,West Ground Floor Gallery 28,N
6525,West Building,G-028,1,West Ground Floor Gallery 28,S
6526,West Building,G-028,1,West Ground Floor Gallery 28,W
6527,West Building,G-029,1,West Ground Floor Gallery 29,
6528,West Building,G-029,1,West Ground Floor Gallery 29,E
6529,West Building,G-029,1,West Ground Floor Gallery 29,N
6530,West Building,G-029,1,West Ground Floor Gallery 29,S
6531,West Building,G-029,1,West Ground Floor Gallery 29,W
6532,West Building,G-030,1,West Ground Floor Gallery 30,
6533,West Building,G-030,1,West Ground Floor Gallery 30,E
6534,West Building,G-030,1,West Ground Floor Gallery 30,S
6535,West Building,G-030,1,West Ground Floor Gallery 30,W
6622,West Building,G-031,1,West Ground Floor Gallery 31,
6623,West Building,G-031,1,West Ground Floor Gallery 31,E
6624,West Building,G-031,1,West Ground Floor Gallery 31,N
6625,West Building,G-031,1,West Ground Floor Gallery 31,S
6626,West Building,G-031,1,West Ground Floor Gallery 31,W
6627,West Building,G-032,1,West Ground Floor Gallery 32,
6628,West Building,G-032,1,West Ground Floor Gallery 32,E
6629,West Building,G-032,1,West Ground Floor Gallery 32,N
6630,West Building,G-032,1,West Ground Floor Gallery 32,S
6631,West Building,G-032,1,West Ground Floor Gallery 32,W
6632,West Building,G-033,1,West Ground Floor Gallery 33,
6633,West Building,G-033,1,West Ground Floor Gallery 33,E
6634,West Building,G-033,1,West Ground Floor Gallery 33,N
6635,West Building,G-033,1,West Ground Floor Gallery 33,S
6636,West Building,G-033,1,West Ground Floor Gallery 33,W
6637,West Building,G-034,1,West Ground Floor Gallery 34,
6638,West Building,G-034,1,West Ground Floor Gallery 34,E
6639,West Building,G-034,1,West Ground Floor Gallery 34,S
6640,West Building,G-034,1,West Ground Floor Gallery 34,W
6641,West Building,G-035,1,West Ground Floor Gallery 35,
6642,West Building,G-036,1,West Ground Floor Gallery 36,
6643,West Building,G-036,1,West Ground Floor Gallery 36,E
6644,West Building,G-036,1,West Ground Floor Gallery 36,W
6645,West Building,G-037,1,West Ground Floor Gallery 37,
6646,West Building,G-037,1,West Ground Floor Gallery 37,E
6647,West Building,G-037,1,West Ground Floor Gallery 37,N
6648,West Building,G-037,1,West Ground Floor Gallery 37,S
6649,West Building,G-039,1,West Ground Floor Gallery 39,
6650,West Building,G-039,1,West Ground Floor Gallery 39,E
6651,West Building,G-039,1,West Ground Floor Gallery 39,N
6652,West Building,G-039,1,West Ground Floor Gallery 39,S
6653,West Building,G-039,1,West Ground Floor Gallery 39,W
6655,West Building,G-041,1,West Ground Floor Gallery 41,
6656,West Building,G-041,1,West Ground Floor Gallery 41,E
6657,West Building,G-041,1,West Ground Floor Gallery 41,N
6658,West Building,G-041,1,West Ground Floor Gallery 41,S
6659,West Building,G-041,1,West Ground Floor Gallery 41,W
6661,West Building,G-042-A,1,West Ground Floor Gallery 42A,
6662,West Building,G-042-A,1,West Ground Floor Gallery 42A,E
6663,West Building,G-042-A,1,West Ground Floor Gallery 42A,N
6664,West Building,G-042-A,1,West Ground Floor Gallery 42A,S
6665,West Building,G-042-A,1,West Ground Floor Gallery 42A,W
6666,West Building,G-042-B,1,West Ground Floor Gallery 42B,
6667,West Building,G-042-B,1,West Ground Floor Gallery 42B,E
6668,West Building,G-042-B,1,West Ground Floor Gallery 42B,N
6669,West Building,G-042-B,1,West Ground Floor Gallery 42B,S
6670,West Building,G-042-B,1,West Ground Floor Gallery 42B,W
6671,West Building,G-042-C,1,West Ground Floor Gallery 42C,
6672,West Building,G-042-C,1,West Ground Floor Gallery 42C,E
6673,West Building,G-042-C,1,West Ground Floor Gallery 42C,N
6674,West Building,G-042-C,1,West Ground Floor Gallery 42C,S
6675,West Building,G-042-C,1,West Ground Floor Gallery 42C,W
6676,West Building,G-042-D,1,West Ground Floor Gallery 42D,
6677,West Building,G-042-D,1,West Ground Floor Gallery 42D,E
6678,West Building,G-042-D,1,West Ground Floor Gallery 42D,N
6679,West Building,G-042-D,1,West Ground Floor Gallery 42D,S
6680,West Building,G-042-D,1,West Ground Floor Gallery 42D,W
6681,West Building,G-043,1,West Ground Floor Gallery 43,
6682,West Building,G-043,1,West Ground Floor Gallery 43,E
6683,West Building,G-043,1,West Ground Floor Gallery 43,N
6684,West Building,G-043,1,West Ground Floor Gallery 43,S
6685,West Building,G-043,1,West Ground Floor Gallery 43,W
6686,West Building,G-044,1,West Bldg Garden Cafe,
6687,West Building,G-044,1,West Bldg Garden Cafe,E
6688,West Building,G-044,1,West Bldg Garden Cafe,W
7909,West Building,G-134,1,Fourth St Hallway,
7910,West Building,G-134,1,Fourth St Hallway,N
7911,West Building,G-134,1,Fourth St Hallway,W
7914,West Building,G-138-A,1,West Ground Floor Gallery 138A,
7915,West Building,G-138-A,1,Fourth St Elevator Lobby,E
8191,West Building,M-001,1,West Main Floor Gallery 1,
8192,West Building,M-001,1,West Main Floor Gallery 1,E
8193,West Building,M-001,1,West Main Floor Gallery 1,N
8194,West Building,M-001,1,West Main Floor Gallery 1,S
8195,West Building,M-001,1,West Main Floor Gallery 1,W
8196,West Building,M-002,1,West Main Floor Gallery 2,
8197,West Building,M-002,1,West Main Floor Gallery 2,E
8198,West Building,M-002,1,West Main Floor Gallery 2,N
8199,West Building,M-002,1,West Main Floor Gallery 2,S
8200,West Building,M-002,1,West Main Floor Gallery 2,W
8201,West Building,M-003,1,West Main Floor Gallery 3,
8202,West Building,M-003,1,West Main Floor Gallery 3,E
8203,West Building,M-003,1,West Main Floor Gallery 3,N
8204,West Building,M-003,1,West Main Floor Gallery 3,S
8205,West Building,M-003,1,West Main Floor Gallery 3,W
8206,West Building,M-004,1,West Main Floor Gallery 4,
8207,West Building,M-004,1,West Main Floor Gallery 4,E
8208,West Building,M-004,1,West Main Floor Gallery 4,N
8209,West Building,M-004,1,West Main Floor Gallery 4,S
8210,West Building,M-004,1,West Main Floor Gallery 4,W
8211,West Building,M-005,1,West Main Floor Gallery 5,
8212,West Building,M-005,1,West Main Floor Gallery 5,E
8213,West Building,M-005,1,West Main Floor Gallery 5,N
8214,West Building,M-005,1,West Main Floor Gallery 5,S
8215,West Building,M-005,1,West Main Floor Gallery 5,W
8216,West Building,M-006,1,West Main Floor Gallery 6,
8217,West Building,M-006,1,West Main Floor Gallery 6,E
8218,West Building,M-006,1,West Main Floor Gallery 6,N
8219,West Building,M-006,1,West Main Floor Gallery 6,S
8220,West Building,M-006,1,West Main Floor Gallery 6,W
8221,West Building,M-007,1,West Main Floor Gallery 7,
8222,West Building,M-007,1,West Main Floor Gallery 7,E
8223,West Building,M-007,1,West Main Floor Gallery 7,N
8224,West Building,M-007,1,West Main Floor Gallery 7,S
8225,West Building,M-007,1,West Main Floor Gallery 7,W
8226,West Building,M-008,1,West Main Floor Gallery 8,
8227,West Building,M-008,1,West Main Floor Gallery 8,E
8228,West Building,M-008,1,West Main Floor Gallery 8,N
8229,West Building,M-008,1,West Main Floor Gallery 8,S
8230,West Building,M-008,1,West Main Floor Gallery 8,W
8231,West Building,M-009,1,West Main Floor Gallery 9,
8232,West Building,M-009,1,West Main Floor Gallery 9,E
8233,West Building,M-009,1,West Main Floor Gallery 9,N
8234,West Building,M-009,1,West Main Floor Gallery 9,S
8235,West Building,M-009,1,West Main Floor Gallery 9,W
8236,West Building,M-010,1,West Main Floor Gallery 10,
8237,West Building,M-010,1,West Main Floor Gallery 10,E
8238,West Building,M-010,1,West Main Floor Gallery 10,N
8239,West Building,M-010,1,West Main Floor Gallery 10,S
8240,West Building,M-010,1,West Main Floor Gallery 10,W
8241,West Building,M-011,1,West Main Floor Gallery 11,
8242,West Building,M-011,1,West Main Floor Gallery 11,E
8243,West Building,M-011,1,West Main Floor Gallery 11,N
8244,West Building,M-011,1,West Main Floor Gallery 11,S
8245,West Building,M-011,1,West Main Floor Gallery 11,W
8246,West Building,M-012,1,West Main Floor Gallery 12,
8247,West Building,M-012,1,West Main Floor Gallery 12,E
8248,West Building,M-012,1,West Main Floor Gallery 12,N
8249,West Building,M-012,1,West Main Floor Gallery 12,W
8250,West Building,M-013,1,West Main Floor Gallery 13,
8251,West Building,M-013,1,West Main Floor Gallery 13,E
8252,West Building,M-013,1,West Main Floor Gallery 13,N
8253,West Building,M-013,1,West Main Floor Gallery 13,S
8254,West Building,M-013,1,West Main Floor Gallery 13,W
8270,West Building,M-017,1,West Main Floor Gallery 17,
8271,West Building,M-017,1,West Main Floor Gallery 17,E
8272,West Building,M-017,1,West Main Floor Gallery 17,N
8273,West Building,M-017,1,West Main Floor Gallery 17,S
8274,West Building,M-017,1,West Main Floor Gallery 17,W
8295,West Building,M-022,1,West Main Floor Gallery 22,
8296,West Building,M-022,1,West Main Floor Gallery 22,E
8297,West Building,M-022,1,West Main Floor Gallery 22,N
8298,West Building,M-022,1,West Main Floor Gallery 22,S
8299,West Building,M-022,1,West Main Floor Gallery 22,W
8301,West Building,M-023,1,West Main Floor Gallery 23,
8302,West Building,M-023,1,West Main Floor Gallery 23,E
8303,West Building,M-023,1,West Main Floor Gallery 23,N
8304,West Building,M-023,1,West Main Floor Gallery 23,S
8305,West Building,M-023,1,West Main Floor Gallery 23,W
8306,West Building,M-024,1,West Main Floor Gallery 24,
8307,West Building,M-024,1,West Main Floor Gallery 24,E
8308,West Building,M-024,1,West Main Floor Gallery 24,N
8309,West Building,M-024,1,West Main Floor Gallery 24,S
8310,West Building,M-024,1,West Main Floor Gallery 24,W
8311,West Building,M-025,1,West Main Floor Gallery 25,
8312,West Building,M-025,1,West Main Floor Gallery 25,E
8313,West Building,M-025,1,West Main Floor Gallery 25,N
8314,West Building,M-025,1,West Main Floor Gallery 25,S
8315,West Building,M-025,1,West Main Floor Gallery 25,W
8316,West Building,M-026,1,West Main Floor Gallery 26,
8317,West Building,M-026,1,West Main Floor Gallery 26,E
8318,West Building,M-026,1,West Main Floor Gallery 26,N
8319,West Building,M-026,1,West Main Floor Gallery 26,S
8320,West Building,M-026,1,West Main Floor Gallery 26,W
8321,West Building,M-027,1,West Main Floor Gallery 27,
8322,West Building,M-027,1,West Main Floor Gallery 27,E
8323,West Building,M-027,1,West Main Floor Gallery 27,N
8324,West Building,M-027,1,West Main Floor Gallery 27,S
8325,West Building,M-027,1,West Main Floor Gallery 27,W
8326,West Building,M-028,1,West Main Floor Gallery 28,
8327,West Building,M-028,1,West Main Floor Gallery 28,E
8328,West Building,M-028,1,West Main Floor Gallery 28,N
8329,West Building,M-028,1,West Main Floor Gallery 28,S
8330,West Building,M-028,1,West Main Floor Gallery 28,W
8450,West Building,M-050-A,1,West Main Floor Gallery 50 A,
8451,West Building,M-050-A,1,West Main Floor Gallery 50 A,E
8452,West Building,M-050-A,1,West Main Floor Gallery 50 A,N
8453,West Building,M-050-A,1,West Main Floor Gallery 50 A,S
8454,West Building,M-050-A,1,West Main Floor Gallery 50 A,W
8455,West Building,M-050-B,1,West Main Floor Gallery 50 B,
8456,West Building,M-050-B,1,West Main Floor Gallery 50 B,E
8457,West Building,M-050-B,1,West Main Floor Gallery 50 B,N
8458,West Building,M-050-B,1,West Main Floor Gallery 50 B,S
8459,West Building,M-050-B,1,West Main Floor Gallery 50 B,W
8460,West Building,M-050-C,1,West Main Floor Gallery 50 C,
8461,West Building,M-050-C,1,West Main Floor Gallery 50 C,E
8462,West Building,M-050-C,1,West Main Floor Gallery 50 C,N
8463,West Building,M-050-C,1,West Main Floor Gallery 50 C,S
8464,West Building,M-050-C,1,West Main Floor Gallery 50 C,W
8470,West Building,M-052,1,West Main Floor Gallery 52,
8471,West Building,M-052,1,West Main Floor Gallery 52,E
8472,West Building,M-052,1,West Main Floor Gallery 52,N
8473,West Building,M-052,1,West Main Floor Gallery 52,S
8474,West Building,M-052,1,West Main Floor Gallery 52,W
8475,West Building,M-053,1,West Main Floor Gallery 53,
8476,West Building,M-053,1,West Main Floor Gallery 53,E
8477,West Building,M-053,1,West Main Floor Gallery 53,N
8478,West Building,M-053,1,West Main Floor Gallery 53,S
8479,West Building,M-053,1,West Main Floor Gallery 53,W
8494,West Building,M-054,1,West Main Floor Gallery 54,
8495,West Building,M-054,1,West Main Floor Gallery 54,E
8496,West Building,M-054,1,West Main Floor Gallery 54,N
8497,West Building,M-054,1,West Main Floor Gallery 54,S
8498,West Building,M-054,1,West Main Floor Gallery 54,W
8501,West Building,M-055,1,West Main Floor Gallery 55,
8502,West Building,M-055,1,West Main Floor Gallery 55,E
8503,West Building,M-055,1,West Main Floor Gallery 55,N
8504,West Building,M-055,1,West Main Floor Gallery 55,S
8505,West Building,M-055,1,West Main Floor Gallery 55,W
8506,West Building,M-056,1,West Main Floor Gallery 56,
8507,West Building,M-056,1,West Main Floor Gallery 56,E
8508,West Building,M-056,1,West Main Floor Gallery 56,N
8509,West Building,M-056,1,West Main Floor Gallery 56,S
8510,West Building,M-056,1,West Main Floor Gallery 56,W
8511,West Building,M-057,1,West Main Floor Gallery 57,
8512,West Building,M-057,1,West Main Floor Gallery 57,E
8513,West Building,M-057,1,West Main Floor Gallery 57,N
8514,West Building,M-057,1,West Main Floor Gallery 57,S
8515,West Building,M-057,1,West Main Floor Gallery 57,W
8516,West Building,M-058,1,West Main Floor Gallery 58,
8517,West Building,M-058,1,West Main Floor Gallery 58,E
8518,West Building,M-058,1,West Main Floor Gallery 58,N
8519,West Building,M-058,1,West Main Floor Gallery 58,S
8520,West Building,M-058,1,West Main Floor Gallery 58,W
8521,West Building,M-059,1,West Main Floor Gallery 59,
8522,West Building,M-059,1,West Main Floor Gallery 59,E
8523,West Building,M-059,1,West Main Floor Gallery 59,N
8524,West Building,M-059,1,West Main Floor Gallery 59,S
8525,West Building,M-059,1,West Main Floor Gallery 59,W
8526,West Building,M-060,1,West Main Floor Gallery 60,
8527,West Building,M-060,1,West Main Floor Gallery 60,E
8528,West Building,M-060,1,West Main Floor Gallery 60,N
8529,West Building,M-060,1,West Main Floor Gallery 60,S
8530,West Building,M-060,1,West Main Floor Gallery 60,W
8531,West Building,M-060-A,1,West Main Floor Gallery 60 A,
8532,West Building,M-060-A,1,West Main Floor Gallery 60 A,E
8533,West Building,M-060-A,1,West Main Floor Gallery 60 A,N
8534,West Building,M-060-A,1,West Main Floor Gallery 60 A,S
8535,West Building,M-060-A,1,West Main Floor Gallery 60 A,W
8536,West Building,M-060-B,1,West Main Floor Gallery 60 B,
8537,West Building,M-060-B,1,West Main Floor Gallery 60 B,E
8538,West Building,M-060-B,1,West Main Floor Gallery 60 B,N
8539,West Building,M-060-B,1,West Main Floor Gallery 60 B,S
8540,West Building,M-060-B,1,West Main Floor Gallery 60 B,W
8541,West Building,M-061,1,West Main Floor Gallery 61,
8542,West Building,M-061,1,West Main Floor Gallery 61,E
8543,West Building,M-061,1,West Main Floor Gallery 61,N
8544,West Building,M-061,1,West Main Floor Gallery 61,S
8545,West Building,M-061,1,West Main Floor Gallery 61,W
8546,West Building,M-062,1,West Main Floor Gallery 62,
8547,West Building,M-062,1,West Main Floor Gallery 62,E
8548,West Building,M-062,1,West Main Floor Gallery 62,N
8549,West Building,M-062,1,West Main Floor Gallery 62,S
8550,West Building,M-062,1,West Main Floor Gallery 62,W
8551,West Building,M-063,1,West Main Floor Gallery 63,
8552,West Building,M-063,1,West Main Floor Gallery 63,E
8553,West Building,M-063,1,West Main Floor Gallery 63,N
8554,West Building,M-063,1,West Main Floor Gallery 63,S
8555,West Building,M-063,1,West Main Floor Gallery 63,W
8556,West Building,M-064,1,West Main Floor Gallery 64,
8557,West Building,M-064,1,West Main Floor Gallery 64,E
8558,West Building,M-064,1,West Main Floor Gallery 64,N
8559,West Building,M-064,1,West Main Floor Gallery 64,S
8560,West Building,M-064,1,West Main Floor Gallery 64,W
8561,West Building,M-065,1,West Main Floor Gallery 65,
8562,West Building,M-065,1,West Main Floor Gallery 65,E
8563,West Building,M-065,1,West Main Floor Gallery 65,N
8564,West Building,M-065,1,West Main Floor Gallery 65,S
8565,West Building,M-065,1,West Main Floor Gallery 65,W
8567,West Building,M-066,1,West Main Floor Gallery 66,
8568,West Building,M-066,1,West Main Floor Gallery 66,E
8569,West Building,M-066,1,West Main Floor Gallery 66,N
8570,West Building,M-066,1,West Main Floor Gallery 66,S
8571,West Building,M-066,1,West Main Floor Gallery 66,W
8573,West Building,M-067,1,West Main Floor Gallery 67,
8574,West Building,M-067,1,West Main Floor Gallery 67,E
8575,West Building,M-067,1,West Main Floor Gallery 67,N
8576,West Building,M-067,1,West Main Floor Gallery 67,S
8577,West Building,M-067,1,West Main Floor Gallery 67,W
8578,West Building,M-068,1,West Main Floor Gallery 68,
8579,West Building,M-068,1,West Main Floor Gallery 68,E
8580,West Building,M-068,1,West Main Floor Gallery 68,N
8581,West Building,M-068,1,West Main Floor Gallery 68,S
8582,West Building,M-068,1,West Main Floor Gallery 68,W
8583,West Building,M-069,1,West Main Floor Gallery 69,
8584,West Building,M-069,1,West Main Floor Gallery 69,E
8585,West Building,M-069,1,West Main Floor Gallery 69,N
8586,West Building,M-069,1,West Main Floor Gallery 69,S
8587,West Building,M-069,1,West Main Floor Gallery 69,W
8588,West Building,M-069-A,1,West Main Floor Gallery 69 A,
8589,West Building,M-069-A,1,West Main Floor Gallery 69 A,E
8590,West Building,M-069-A,1,West Main Floor Gallery 69 A,N
8591,West Building,M-069-A,1,West Main Floor Gallery 69 A,S
8592,West Building,M-069-A,1,West Main Floor Gallery 69 A,W
8593,West Building,M-070,1,West Main Floor Gallery 70,
8594,West Building,M-070,1,West Main Floor Gallery 70,E
8595,West Building,M-070,1,West Main Floor Gallery 70,N
8596,West Building,M-070,1,West Main Floor Gallery 70,S
8597,West Building,M-070,1,West Main Floor Gallery 70,W
8598,West Building,M-071,1,West Main Floor Gallery 71,
8599,West Building,M-071,1,West Main Floor Gallery 71,E
8600,West Building,M-071,1,West Main Floor Gallery 71,N
8601,West Building,M-071,1,West Main Floor Gallery 71,S
8602,West Building,M-071,1,West Main Floor Gallery 71,W
8603,West Building,M-072,1,West Main Floor Gallery 72,
8604,West Building,M-072,1,West Main Floor Gallery 72,E
8605,West Building,M-072,1,West Main Floor Gallery 72,N
8606,West Building,M-072,1,West Main Floor Gallery 72,S
8607,West Building,M-072,1,West Main Floor Gallery 72,W
8613,West Building,M-074,1,West Main Floor Gallery 74,
8614,West Building,M-074,1,West Main Floor Gallery 74,E
8615,West Building,M-074,1,West Main Floor Gallery 74,N
8616,West Building,M-074,1,West Main Floor Gallery 74,S
8617,West Building,M-074,1,West Main Floor Gallery 74,W
8618,West Building,M-075,1,West Main Floor Gallery 75,
8619,West Building,M-075,1,West Main Floor Gallery 75,E
8620,West Building,M-075,1,West Main Floor Gallery 75,N
8621,West Building,M-075,1,West Main Floor Gallery 75,S
8622,West Building,M-075,1,West Main Floor Gallery 75,W
8623,West Building,M-076,1,West Main Floor Gallery 76,
8624,West Building,M-076,1,West Main Floor Gallery 76,E
8625,West Building,M-076,1,West Main Floor Gallery 76,N
8626,West Building,M-076,1,West Main Floor Gallery 76,S
8627,West Building,M-076,1,West Main Floor Gallery 76,W
8628,West Building,M-077,1,West Main Floor Gallery 77,
8629,West Building,M-077,1,West Main Floor Gallery 77,E
8630,West Building,M-077,1,West Main Floor Gallery 77,N
8631,West Building,M-077,1,West Main Floor Gallery 77,S
8632,West Building,M-077,1,West Main Floor Gallery 77,W
8638,West Building,M-078-A,1,West Main Floor Gallery 78A,
8639,West Building,M-078-A,1,West Main Floor Gallery 78A,E
8640,West Building,M-078-A,1,West Main Floor Gallery 78A,N
8641,West Building,M-078-A,1,West Main Floor Gallery 78A,S
8642,West Building,M-078-A,1,West Main Floor Gallery 78A,W
8643,West Building,M-078-B,1,West Main Floor Gallery 78B,
8644,West Building,M-078-B,1,West Main Floor Gallery 78B,E
8645,West Building,M-078-B,1,West Main Floor Gallery 78B,N
8646,West Building,M-078-B,1,West Main Floor Gallery 78B,S
8647,West Building,M-078-B,1,West Main Floor Gallery 78B,W
8648,West Building,M-079,1,West Main Floor Gallery 79,
8649,West Building,M-079,1,West Main Floor Gallery 79,E
8650,West Building,M-079,1,West Main Floor Gallery 79,N
8651,West Building,M-079,1,West Main Floor Gallery 79,S
8652,West Building,M-079,1,West Main Floor Gallery 79,W
8653,West Building,M-080,1,West Main Floor Gallery 80,
8654,West Building,M-080,1,West Main Floor Gallery 80,E
8655,West Building,M-080,1,West Main Floor Gallery 80,N
8656,West Building,M-080,1,West Main Floor Gallery 80,S
8657,West Building,M-080,1,West Main Floor Gallery 80,W
8658,West Building,M-081,1,West Main Floor Gallery 81,
8659,West Building,M-081,1,West Main Floor Gallery 81,E
8660,West Building,M-081,1,West Main Floor Gallery 81,N
8661,West Building,M-081,1,West Main Floor Gallery 81,S
8662,West Building,M-081,1,West Main Floor Gallery 81,W
8663,West Building,M-082,1,West Main Floor Gallery 82,
8664,West Building,M-082,1,West Main Floor Gallery 82,E
8665,West Building,M-082,1,West Main Floor Gallery 82,N
8666,West Building,M-082,1,West Main Floor Gallery 82,S
8667,West Building,M-082,1,West Main Floor Gallery 82,W
8668,West Building,M-083,1,West Main Floor Gallery 83,
8669,West Building,M-083,1,West Main Floor Gallery 83,E
8670,West Building,M-083,1,West Main Floor Gallery 83,N
8671,West Building,M-083,1,West Main Floor Gallery 83,S
8672,West Building,M-083,1,West Main Floor Gallery 83,W
8673,West Building,M-084,1,West Main Floor Gallery 84,
8674,West Building,M-084,1,West Main Floor Gallery 84,E
8675,West Building,M-084,1,West Main Floor Gallery 84,N
8676,West Building,M-084,1,West Main Floor Gallery 84,S
8677,West Building,M-084,1,West Main Floor Gallery 84,W
8678,West Building,M-085,1,West Main Floor Gallery 85,
8679,West Building,M-085,1,West Main Floor Gallery 85,E
8680,West Building,M-085,1,West Main Floor Gallery 85,N
8681,West Building,M-085,1,West Main Floor Gallery 85,S
8682,West Building,M-085,1,West Main Floor Gallery 85,W
8683,West Building,M-086,1,West Main Floor Gallery 86,
8684,West Building,M-086,1,West Main Floor Gallery 86,E
8685,West Building,M-086,1,West Main Floor Gallery 86,N
8686,West Building,M-086,1,West Main Floor Gallery 86,S
8687,West Building,M-086,1,West Main Floor Gallery 86,W
8688,West Building,M-087,1,West Main Floor Gallery 87,
8689,West Building,M-087,1,West Main Floor Gallery 87,E
8690,West Building,M-087,1,West Main Floor Gallery 87,N
8691,West Building,M-087,1,West Main Floor Gallery 87,S
8692,West Building,M-087,1,West Main Floor Gallery 87,W
8693,West Building,M-088,1,West Main Floor Gallery 88,
8694,West Building,M-088,1,West Main Floor Gallery 88,E
8695,West Building,M-088,1,West Main Floor Gallery 88,N
8696,West Building,M-088,1,West Main Floor Gallery 88,S
8697,West Building,M-088,1,West Main Floor Gallery 88,W
8698,West Building,M-089,1,West Main Floor Gallery 89,
8699,West Building,M-089,1,West Main Floor Gallery 89,E
8700,West Building,M-089,1,West Main Floor Gallery 89,N
8701,West Building,M-089,1,West Main Floor Gallery 89,S
8702,West Building,M-089,1,West Main Floor Gallery 89,W
8703,West Building,M-090,1,West Main Floor Gallery 90,
8704,West Building,M-090,1,West Main Floor Gallery 90,E
8705,West Building,M-090,1,West Main Floor Gallery 90,N
8706,West Building,M-090,1,West Main Floor Gallery 90,S
8707,West Building,M-090,1,West Main Floor Gallery 90,W
8708,West Building,M-091,1,West Main Floor Gallery 91,
8709,West Building,M-091,1,West Main Floor Gallery 91,E
8710,West Building,M-091,1,West Main Floor Gallery 91,N
8711,West Building,M-091,1,West Main Floor Gallery 91,S
8712,West Building,M-091,1,West Main Floor Gallery 91,W
8713,West Building,M-092,1,West Main Floor Gallery 92,
8714,West Building,M-092,1,West Main Floor Gallery 92,E
8715,West Building,M-092,1,West Main Floor Gallery 92,N
8716,West Building,M-092,1,West Main Floor Gallery 92,S
8717,West Building,M-092,1,West Main Floor Gallery 92,W
8718,West Building,M-093,1,West Main Floor Gallery 93,
8719,West Building,M-093,1,West Main Floor Gallery 93,E
8720,West Building,M-093,1,West Main Floor Gallery 93,N
8721,West Building,M-093,1,West Main Floor Gallery 93,S
8722,West Building,M-093,1,West Main Floor Gallery 93,W
8779,West Building,WBL,1,West Bldg Lawn,
8786,West Building,G-004,1,West Ground Floor Gallery 4,W
8787,West Building,G-004,1,West Ground Floor Gallery 4,N
8808,West Building,M-107,1,Rotunda,
8809,West Building,M-107,1,Rotunda,N
8810,West Building,M-137,1,"West Bldg, Lobby D",
8811,West Building,M-137,1,"West Bldg, Lobby D",N
8841,East Building,EU-408,1,"East Bldg, Vestibule, 408 (Pod 2)",S
8857,East Building,CLA-110,1,Moving Walkway Tunnel,
8860,West Building,G-001-C,1,West Ground Floor Gallery 1C,N
9006,East Building,EC-028,1,"East Bldg, Concourse Gallery Lobby",CENTER
9009,East Building,EG-100,1,"East Bldg, Central Atrium",CEILING
9010,East Building,EM-203,1,"East Bldg, Mezz. Terrace",W
9012,West Building,G-036,1,West Ground Floor Gallery 36,CENTER
9013,West Building,G-039,1,West Ground Floor Gallery 39,CENTER
9014,West Building,G-041,1,West Ground Floor Gallery 41,CENTER
9015,West Building,G-042-B,1,West Ground Floor Gallery 42B,CENTER
9016,West Building,M-001,1,West Main Floor Gallery 1,CENTER
9017,West Building,M-006,1,West Main Floor Gallery 6,CENTER
9018,West Building,M-022,1,West Main Floor Gallery 22,CENTER
9019,West Building,M-026,1,West Main Floor Gallery 26,CENTER
9030,East Building,EG-100,1,"East Bldg, Central Atrium",CENTER
9031,East Building,EM-201,1,"East Bldg, Mezz. Landing",CENTER
9032,West Building,G-016,1,West Ground Floor Gallery 16,N
9033,West Building,G-016,1,West Ground Floor Gallery 16,E
9034,West Building,G-016,1,West Ground Floor Gallery 16,S
9035,West Building,G-016,1,West Ground Floor Gallery 16,W
9036,West Building,G-018,1,West Ground Floor Gallery 18,N
9037,West Building,G-018,1,West Ground Floor Gallery 18,S
9249,West Building,G-003,1,West Ground Floor Gallery 3,S
9255,West Building,G-004,1,West Ground Floor Gallery 4,CENTER
9258,West Building,G-005,1,West Ground Floor Gallery 5,S
9260,West Building,G-006,1,West Ground Floor Gallery 6,CENTER
9261,West Building,G-007,1,West Ground Floor Gallery 7,CENTER
9269,East Building,EM-203,1,"East Bldg, Mezz. Terrace",CENTER
9270,West Building,G-008,1,West Ground Floor Gallery 8,N
9271,West Building,G-008,1,West Ground Floor Gallery 8,S
9272,West Building,G-008,1,West Ground Floor Gallery 8,CENTER
9273,West Building,G-014,1,West Ground Floor Gallery 14,CENTER
9282,West Building,M-075,1,West Main Floor Gallery 75,CENTER
9287,West Building,G-010,1,West Ground Floor Gallery 10,CENTER
9288,West Building,G-011,1,West Ground Floor Gallery 11,CEILING
9289,West Building,G-011,1,West Ground Floor Gallery 11,CENTER
9290,West Building,G-012,1,West Ground Floor Gallery 12,CENTER
9291,West Building,G-012,1,West Ground Floor Gallery 12,CEILING
9314,West Building,G-085,1,"North Lobby, West Stair",
9315,West Building,G-094,1,"North Lobby, East Stair",
9328,West Building,G-043,1,West Ground Floor Gallery 43,EAST BAFFLE
9329,West Building,G-043,1,West Ground Floor Gallery 43,WEST BAFFLE
9332,West Building,G-019,1,West Ground Floor Gallery 19,CENTER
9339,West Building,G-032,1,West Ground Floor Gallery 32,CENTER
9350,West Building,M-025,1,West Main Floor Gallery 25,CENTER
9354,West Building,G-029,1,West Ground Floor Gallery 29,CENTER
9355,West Building,G-029,1,West Ground Floor Gallery 29,SOUTH BAFFLE
9356,West Building,G-029,1,West Ground Floor Gallery 29,NORTH BAFFLE
9357,West Building,G-028,1,West Ground Floor Gallery 28,NORTH BAFFLE
9358,West Building,G-028,1,West Ground Floor Gallery 28,SOUTH BAFFLE
9359,West Building,G-028,1,West Ground Floor Gallery 28,CENTER
9366,West Building,M-138,1,East Stair Lobby,
9406,West Building,M-079,1,West Main Floor Gallery 79,CENTER
9407,West Building,M-077,1,West Main Floor Gallery 77,CENTER
9409,West Building,M-072,1,West Main Floor Gallery 72,BAFFLE
9410,West Building,M-074,1,West Main Floor Gallery 74,CENTER
9411,West Building,M-011,1,West Main Floor Gallery 11,CENTER
9444,East Building,EU-408,1,"East Bldg, Vestibule, 408 (Pod 2)",W
9455,East Building,EM-216,1,"East Bldg, Vestibule, 216 (Pod 1)",E
9457,West Building,G-023,1,West Ground Floor Gallery 23,BAFFLE
9458,West Building,G-023,1,West Ground Floor Gallery 23,NORTH BAFFLE
9460,West Building,G-026-B,1,West Ground Floor Gallery 26B,BAFFLE
9461,East Building,EU-416,1,Bridge,
9463,West Building,G-027,1,West Ground Floor Gallery 27,CENTER
9464,West Building,G-025,1,West Ground Floor Gallery 25,CENTER
9465,West Building,G-026-A,1,West Ground Floor Gallery 26A,CENTER
9472,West Building,G-030,1,West Ground Floor Gallery 30,NORTH BAFFLE
9473,West Building,G-030,1,West Ground Floor Gallery 30,SOUTH BAFFLE
9478,West Building,G-030,1,West Ground Floor Gallery 30,CENTER
9479,West Building,G-031,1,West Ground Floor Gallery 31,CENTER
9482,West Building,G-026-B,1,West Ground Floor Gallery 26B,CENTER
9506,West Building,M-052,1,West Main Floor Gallery 52,CENTER
9522,West Building,G-044-A,1,West Bldg Garden Cafe - niche,
9523,West Building,G-044-A,1,West Bldg Garden Cafe - niche,S
9524,West Building,G-042-B,1,West Ground Floor Gallery 42B,BAFFLE
9666,West Building,G-034,1,West Ground Floor Gallery 34,CENTER
9667,West Building,G-033,1,West Ground Floor Gallery 33,CENTER
9686,East Building,EG-101,1,"East Bldg, Entrance Lobby",FLOOR
9713,West Building,G-023,1,West Ground Floor Gallery 23,CENTER
9725,East Building,EG-100,1,"East Bldg, Central Atrium, South Ledge",SOUTH LEDGE
9726,West Building,G-044,1,"West Bldg Garden Cafe, Center Fountain",CENTER FOUNTAIN
9749,East Building,EM-214-A,1,"East Bldg, Mezz Gal 214A (Pod 2)",CENTER
9752,West Building,G-003,1,West Ground Floor Gallery 3,CENTER
9774,West Building,G-034,1,West Ground Floor Gallery 34,NORTH BAFFLE
9775,West Building,G-034,1,West Ground Floor Gallery 34,SOUTH BAFFLE
9795,West Building,G-016,1,West Ground Floor Gallery 16,CENTER
9796,West Building,G-022,1,West Ground Floor Gallery 22,CENTER
9824,East Building,EU-414,1,"East Bldg, Vestibule, 414 (Pod 1)",CENTER
9983,East Building,EU-406-B,1,"East Bldg, Upr Lvl Gal 406B (Pod 2)",CENTER
9984,East Building,EU-406-C,1,"East Bldg, Upr Lvl Gal 406C (Pod 2)",CENTER
10001,East Building,EU-405,1,"East Bldg, West Terrace",STAIRWELL
10063,West Building,M-005,1,West Main Floor Gallery 5,CENTER
10099,East Building,EM-204,1,"East Bldg, Mezz. Elevator Lobby",W
10105,East Building,EM-217-B,1,"East Bldg, Mezz Gal 217B (Pod 1)",CENTER
10107,East Building,EU-415-B,1,"East Bldg, Upr Lvl Gal 415B (Pod 1)",CENTER
10121,East Building,EU-401,1,"East Bldg, Upper, Elevator Lobby",E
10138,West Building,M-083,1,West Main Floor Gallery 83,CENTER
10143,West Building,G-034,1,West Ground Floor Gallery 34,N
10144,West Building,G-030,1,West Ground Floor Gallery 30,N
10287,West Building,G-021,1,West Ground Floor Gallery 21,E
10325,West Building,G-042-A,1,West Ground Floor Gallery 42A,Center
10326,West Building,G-042-C,1,West Ground Floor Gallery 42A,CENTER
10327,West Building,G-014,1,West Ground Floor Gallery 14,CEILING
10330,East Building,EU-406-A,1,"East Bldg, Upr Lvl Gal 406A (Pod 2)",CENTER
10343,West Building,M-136,1,East Garden Court,
10344,West Building,M-136,1,East Garden Court,CENTER
10345,West Building,M-136,1,East Garden Court,N
10346,West Building,M-136,1,East Garden Court,S
10347,West Building,M-134,1,East Sculpture Hall,
10348,West Building,M-134,1,East Sculpture Hall,CENTER
10349,West Building,M-134,1,East Sculpture Hall,E
10350,West Building,M-134,1,East Sculpture Hall,N
10351,West Building,M-134,1,East Sculpture Hall,S
10352,West Building,M-134,1,East Sculpture Hall,W
10353,West Building,M-113,1,Founder's Room,
10354,West Building,M-113,1,Founder's Room,E
10355,West Building,M-113,1,Founder's Room,N
10356,West Building,M-113,1,Founder's Room,S
10357,West Building,M-113,1,Founder's Room,W
10362,West Building,M-103,1,"West Bldg, Lobby A",
10363,West Building,M-103,1,"West Bldg, Lobby A",CENTER
10364,West Building,M-103,1,"West Bldg, Lobby A",E
10365,West Building,M-103,1,"West Bldg, Lobby A",N
10366,West Building,M-103,1,"West Bldg, Lobby A",S
10367,West Building,M-103,1,"West Bldg, Lobby A",W
10368,West Building,M-105,1,"West Bldg, Lobby B",
10369,West Building,M-105,1,"West Bldg, Lobby B",CENTER
10370,West Building,M-105,1,"West Bldg, Lobby B",E
10371,West Building,M-105,1,"West Bldg, Lobby B",N
10372,West Building,M-105,1,"West Bldg, Lobby B",S
10373,West Building,M-105,1,"West Bldg, Lobby B",W
10374,West Building,M-135,1,"West Bldg, Lobby C",
10375,West Building,M-135,1,"West Bldg, Lobby C",N
10376,West Building,M-135,1,"West Bldg, Lobby C",S
10377,West Building,M-135,1,"West Bldg, Lobby C",W
10378,West Building,M-107,1,Rotunda,CENTER
10379,West Building,M-107,1,Rotunda,E
10380,West Building,M-107,1,Rotunda,S
10381,West Building,M-107,1,Rotunda,W
10382,West Building,M-127,1,North Stair Landing East,
10383,West Building,M-127,1,North Stair Landing East,E
10384,West Building,M-121,1,North Stair Landing West,
10385,West Building,M-104,1,West Garden Court,
10386,West Building,M-104,1,West Garden Court,CENTER
10387,West Building,M-104,1,West Garden Court,E
10388,West Building,M-104,1,West Garden Court,N
10389,West Building,M-104,1,West Garden Court,S
10390,West Building,M-104,1,West Garden Court,W
10391,West Building,M-106,1,West Sculpture Hall,
10392,West Building,M-106,1,West Sculpture Hall,CENTER
10393,West Building,M-106,1,West Sculpture Hall,E
10394,West Building,M-106,1,West Sculpture Hall,N
10395,West Building,M-106,1,West Sculpture Hall,S
10396,West Building,M-106,1,West Sculpture Hall,W
10397,West Building,M-100,1,West Stair Lobby,
10398,West Building,M-100,1,West Stair Lobby,E
10399,West Building,M-100,1,West Stair Lobby,S
10400,West Building,M-100,1,West Stair Lobby,W
10408,West Building,M-121,1,North Stair Landing West,W
10429,East Building,EM-214-D,1,"East Bldg, Mezz Gal 214D (Pod 2)",
10430,East Building,EM-214-D,1,"East Bldg, Mezz Gal 214D (Pod 2)",N
10431,East Building,EM-214-D,1,"East Bldg, Mezz Gal 214D (Pod 2)",E
10432,East Building,EM-214-D,1,"East Bldg, Mezz Gal 214D (Pod 2)",S
10433,East Building,EM-214-D,1,"East Bldg, Mezz Gal 214D (Pod 2)",W
10492,West Building,M-065,1,West Main Floor Gallery 65,CENTER
10494,West Building,M-073-A,1,West Main Floor Gallery 73 A,
10495,West Building,M-073-A,1,West Main Floor Gallery 73 A,N
10496,West Building,M-073-A,1,West Main Floor Gallery 73 A,E
10497,West Building,M-073-A,1,West Main Floor Gallery 73 A,S
10498,West Building,M-073-A,1,West Main Floor Gallery 73 A,W
10546,West Building,G-018,1,West Ground Floor Gallery 18,CENTER
10552,West Building,G-024,1,West Ground Floor Gallery 24,CENTER
10584,West Building,M-072,1,West Main Floor Gallery 72,NORTH BAFFLE
10585,West Building,M-072,1,West Main Floor Gallery 72,SOUTH BAFFLE
10597,West Building,G-013,1,West Ground Floor Gallery 13,CENTER
10598,West Building,G-024,1,West Ground Floor Gallery 24,NORTH BAFFLE
10599,West Building,G-023,1,West Ground Floor Gallery 23,SOUTH BAFFLE
10647,West Building,M-073-B,1,West Main Floor Gallery 73 B,
10648,West Building,M-073-B,1,West Main Floor Gallery 73 B,N
10649,West Building,M-073-B,1,West Main Floor Gallery 73 B,E
10650,West Building,M-073-B,1,West Main Floor Gallery 73 B,S
10651,West Building,M-073-B,1,West Main Floor Gallery 73 B,W
10664,West Building,M-073-A,1,West Main Floor Gallery 73 A,CENTER
10665,West Building,M-138,1,East Stair Lobby,N
12473,West Building,M-138,1,East Stair Lobby,E
12479,West Building,M-137,1,"West Bldg, Lobby D",S
12574,West Building,M-127,1,North Stair Landing East,W
12577,West Building,M-121,1,North Stair Landing West,E
12767,West Building,M-078-B,1,West Main Floor Gallery 78B,CENTER
12768,West Building,M-072,1,West Main Floor Gallery 72,CENTER
13045,East Building,ET-606,1,"East Bldg, Tower Gallery 606",
13046,East Building,ET-616,1,"East Bldg, Terrace",
13048,East Building,ET-615-A,1,"East Bldg, Tower Gallery 615A",
13049,East Building,ET-615-B,1,"East Bldg, Tower Gallery 615B",
13050,East Building,ET-615-A,1,"East Bldg, Tower Gallery 615A",E
13051,East Building,ET-615-A,1,"East Bldg, Tower Gallery 615A",W
13052,East Building,ET-615-A,1,"East Bldg, Tower Gallery 615A",N
13053,East Building,ET-615-A,1,"East Bldg, Tower Gallery 615A",S
13054,East Building,ET-615-B,1,"East Bldg, Tower Gallery 615B",E
13055,East Building,ET-615-B,1,"East Bldg, Tower Gallery 615B",W
13056,East Building,ET-615-B,1,"East Bldg, Tower Gallery 615B",N
13057,East Building,ET-615-B,1,"East Bldg, Tower Gallery 615B",S
13060,East Building,EC-029-A,1,"East Bldg, Concourse Gallery 29A",
13061,East Building,EC-029-B,1,"East Bldg, Concourse Gallery 29B",
13062,East Building,EC-029-C,1,"East Bldg, Concourse Gallery 29C",
13063,East Building,EC-029-D,1,"East Bldg, Concourse Gallery 29D",
13064,East Building,EC-029-E,1,"East Bldg, Concourse Gallery 29E",
13081,East Building,EM-204,1,"East Bldg, Mezz. Elevator Lobby",E
13082,East Building,EC-029-H,1,"East Bldg, Concourse Gallery 29H",
13085,East Building,EG-105,1,"East Bldg, Vestibule, 105 (Pod 1)",E
13086,East Building,EC-029-F,1,"East Bldg, Concourse Gallery 29F",
13087,East Building,EC-029-G,1,"East Bldg, Concourse Gallery 29G",
13088,East Building,EC-029-I,1,"East Bldg, Concourse Gallery 29I",
13093,East Building,EG-106-A,1,"East Bldg, Ground Gal 106A (Pod 1)",
13094,East Building,EG-106-C,1,"East Bldg, Ground Gal 106C (Pod 1)",
13095,East Building,EG-106-E,1,"East Bldg, Ground Gal 106E (Pod 1)",
13096,East Building,EG-106-B,1,"East Bldg, Ground Gal 106B (Pod 1)",
13097,East Building,EG-103-A,1,"East Bldg, Ground Gal 103A (Pod 2)",
13098,East Building,EG-103-B,1,"East Bldg, Ground Gal 103B (Pod 2)",
13099,East Building,EG-103-C,1,"East Bldg, Ground Gal 103C (Pod 2)",
13100,East Building,EG-103-D,1,"East Bldg, Ground Gal 103D (Pod 2)",
13101,East Building,EG-103-E,1,"East Bldg, Ground Gal 103E (Pod 2)",
13104,East Building,EM-214-B,1,"East Bldg, Mezz Gal 214B (Pod 2)",
13105,East Building,EM-214-C,1,"East Bldg, Mezz Gal 214C (Pod 2)",
13106,East Building,EM-214-Z,1,"East Bldg, Mezz Gal 214Z (Pod 2)",
13107,East Building,EG-103-Z,1,"East Bldg, Ground Lobby 103Z (Pod 2)",
13108,East Building,EM-217-A,1,"East Bldg, Mezz Gal 217A (Pod 1)",
13109,East Building,EM-217-C,1,"East Bldg, Mezz Gal 217C (Pod 1)",
13111,East Building,EU-406-Z,1,"East Bldg, Upr Lvl Lobby 406Z (Pod 2)",
13112,East Building,EU-407-A,1,"East Bldg, Upr Lvl Gal 407A (North Bridge)",
13113,East Building,EU-407-B,1,"East Bldg, Upr Lvl Gal 407B (North Bridge)",
13114,East Building,EU-407-C,1,"East Bldg, Upr Lvl Gal 407C (North Bridge)",
13115,East Building,EU-407-D,1,"East Bldg, Upr Lvl Gal 407D (North Bridge)",
13120,East Building,EU-415-A,1,"East Bldg, Upr Lvl Gal 415A (Pod 1)",
13121,East Building,EU-415-C,1,"East Bldg, Upr Lvl Gal 415C (Pod 1)",
13122,East Building,EU-415-A,1,"East Bldg, Upr Lvl Gal 415A (Pod 1)",N
13123,East Building,EU-415-A,1,"East Bldg, Upr Lvl Gal 415A (Pod 1)",E
13124,East Building,EU-415-A,1,"East Bldg, Upr Lvl Gal 415A (Pod 1)",S
13125,East Building,EU-415-A,1,"East Bldg, Upr Lvl Gal 415A (Pod 1)",W
13126,East Building,EU-415-C,1,"East Bldg, Upr Lvl Gal 415C (Pod 1)",N
13127,East Building,EU-415-C,1,"East Bldg, Upr Lvl Gal 415C (Pod 1)",E
13128,East Building,EU-415-C,1,"East Bldg, Upr Lvl Gal 415C (Pod 1)",S
13129,East Building,EU-415-C,1,"East Bldg, Upr Lvl Gal 415C (Pod 1)",W
13130,East Building,ET-608,1,"East Bldg, Tower Elev Lobby 608 (Pod 2)",
13131,East Building,ET-608,1,"East Bldg, Tower Elev Lobby 608 (Pod 2)",S
13132,East Building,ET-614,1,"East Bldg, Tower Elev Lobby 614 (Pod 1)",
13133,East Building,ET-614,1,"East Bldg, Tower Elev Lobby 614 (Pod 1)",S
13134,East Building,EU-407-X,1,"East Bldg, Upr Lvl Stairway 407X (North Bridge)",
13135,East Building,EG-106-A,1,"East Bldg, Ground Gal 106A (Pod 1)",N
13136,East Building,EG-106-A,1,"East Bldg, Ground Gal 106A (Pod 1)",E
13137,East Building,EG-106-A,1,"East Bldg, Ground Gal 106A (Pod 1)",S
13138,East Building,EG-106-A,1,"East Bldg, Ground Gal 106A (Pod 1)",W
13139,East Building,EG-106-B,1,"East Bldg, Ground Gal 106B (Pod 1)",N
13140,East Building,EG-106-B,1,"East Bldg, Ground Gal 106B (Pod 1)",E
13141,East Building,EG-106-B,1,"East Bldg, Ground Gal 106B (Pod 1)",S
13142,East Building,EG-106-B,1,"East Bldg, Ground Gal 106B (Pod 1)",W
13143,East Building,EG-106-C,1,"East Bldg, Ground Gal 106C (Pod 1)",N
13144,East Building,EG-106-C,1,"East Bldg, Ground Gal 106C (Pod 1)",E
13145,East Building,EG-106-C,1,"East Bldg, Ground Gal 106C (Pod 1)",S
13146,East Building,EG-106-C,1,"East Bldg, Ground Gal 106C (Pod 1)",W
13147,East Building,EG-106-B,1,"East Bldg, Ground Gal 106B (Pod 1)",CENTER
13148,East Building,EG-106-A,1,"East Bldg, Ground Gal 106A (Pod 1)",CENTER
13149,East Building,EU-415-A,1,"East Bldg, Upr Lvl Gal 415A (Pod 1)",CENTER
13150,East Building,EU-415-C,1,"East Bldg, Upr Lvl Gal 415C (Pod 1)",CENTER
13151,East Building,EG-103-A,1,"East Bldg, Ground Gal 103A (Pod 2)",N
13152,East Building,EG-103-A,1,"East Bldg, Ground Gal 103A (Pod 2)",E
13153,East Building,EG-103-A,1,"East Bldg, Ground Gal 103A (Pod 2)",S
13154,East Building,EG-103-A,1,"East Bldg, Ground Gal 103A (Pod 2)",W
13155,East Building,EG-103-B,1,"East Bldg, Ground Gal 103B (Pod 2)",N
13156,East Building,EG-103-B,1,"East Bldg, Ground Gal 103B (Pod 2)",E
13157,East Building,EG-103-B,1,"East Bldg, Ground Gal 103B (Pod 2)",W
13158,East Building,EG-103-B,1,"East Bldg, Ground Gal 103B (Pod 2)",S
13159,East Building,EG-103-C,1,"East Bldg, Ground Gal 103C (Pod 2)",N
13160,East Building,EG-103-C,1,"East Bldg, Ground Gal 103C (Pod 2)",E
13161,East Building,EG-103-C,1,"East Bldg, Ground Gal 103C (Pod 2)",S
13162,East Building,EG-103-C,1,"East Bldg, Ground Gal 103C (Pod 2)",W
13163,East Building,EG-103-D,1,"East Bldg, Ground Gal 103D (Pod 2)",N
13164,East Building,EG-103-D,1,"East Bldg, Ground Gal 103D (Pod 2)",E
13165,East Building,EG-103-D,1,"East Bldg, Ground Gal 103D (Pod 2)",S
13166,East Building,EG-103-D,1,"East Bldg, Ground Gal 103D (Pod 2)",W
13167,East Building,EG-103-E,1,"East Bldg, Ground Gal 103E (Pod 2)",N
13168,East Building,EG-103-E,1,"East Bldg, Ground Gal 103E (Pod 2)",E
13169,East Building,EG-103-E,1,"East Bldg, Ground Gal 103E (Pod 2)",S
13170,East Building,EG-103-E,1,"East Bldg, Ground Gal 103E (Pod 2)",W
13171,East Building,EG-103-Z,1,"East Bldg, Ground Lobby 103Z (Pod 2)",N
13172,East Building,EG-103-Z,1,"East Bldg, Ground Lobby 103Z (Pod 2)",W
13173,East Building,EU-406-Z,1,"East Bldg, Upr Lvl Lobby 406Z (Pod 2)",N
13174,East Building,EU-406-Z,1,"East Bldg, Upr Lvl Lobby 406Z (Pod 2)",W
13175,East Building,EM-217-A,1,"East Bldg, Mezz Gal 217A (Pod 1)",N
13176,East Building,EM-217-A,1,"East Bldg, Mezz Gal 217A (Pod 1)",E
13177,East Building,EM-217-A,1,"East Bldg, Mezz Gal 217A (Pod 1)",S
13178,East Building,EM-217-A,1,"East Bldg, Mezz Gal 217A (Pod 1)",W
13179,East Building,EM-217-C,1,"East Bldg, Mezz Gal 217C (Pod 1)",N
13180,East Building,EM-217-C,1,"East Bldg, Mezz Gal 217C (Pod 1)",E
13181,East Building,EM-217-C,1,"East Bldg, Mezz Gal 217C (Pod 1)",S
13182,East Building,EM-217-C,1,"East Bldg, Mezz Gal 217C (Pod 1)",W
13183,East Building,EM-217-C,1,"East Bldg, Mezz Gal 217C (Pod 1)",CENTER
13184,East Building,EM-217-A,1,"East Bldg, Mezz Gal 217A (Pod 1)",CENTER
13185,East Building,EU-407-D,1,"East Bldg, Upr Lvl Gal 407D (North Bridge)",E
13186,East Building,EU-407-D,1,"East Bldg, Upr Lvl Gal 407D (North Bridge)",CENTER
13187,East Building,EU-407-C,1,"East Bldg, Upr Lvl Gal 407C (North Bridge)",W
13188,East Building,EU-407-B,1,"East Bldg, Upr Lvl Gal 407B (North Bridge)",W
13189,East Building,EU-407-D,1,"East Bldg, Upr Lvl Gal 407D (North Bridge)",N
13190,East Building,EU-407-B,1,"East Bldg, Upr Lvl Gal 407B (North Bridge)",N
13191,East Building,EU-407-A,1,"East Bldg, Upr Lvl Gal 407A (North Bridge)",W
13192,East Building,EU-407-B,1,"East Bldg, Upr Lvl Gal 407B (North Bridge)",CENTER
13193,East Building,EU-407-B,1,"East Bldg, Upr Lvl Gal 407B (North Bridge)",E
13194,East Building,EU-407-B,1,"East Bldg, Upr Lvl Gal 407B (North Bridge)",S
13195,East Building,EU-407-D,1,"East Bldg, Upr Lvl Gal 407D (North Bridge)",S
13196,East Building,EU-407-A,1,"East Bldg, Upr Lvl Gal 407A (North Bridge)",E
13197,East Building,EU-407-A,1,"East Bldg, Upr Lvl Gal 407A (North Bridge)",N
13198,East Building,EU-407-D,1,"East Bldg, Upr Lvl Gal 407D (North Bridge)",W
13199,East Building,EU-407-C,1,"East Bldg, Upr Lvl Gal 407C (North Bridge)",N
13200,East Building,EU-407-C,1,"East Bldg, Upr Lvl Gal 407C (North Bridge)",E
13201,East Building,EU-407-C,1,"East Bldg, Upr Lvl Gal 407C (North Bridge)",S
13202,East Building,EM-214-B,1,"East Bldg, Mezz Gal 214B (Pod 2)",S
13203,East Building,EM-214-B,1,"East Bldg, Mezz Gal 214B (Pod 2)",N
13204,East Building,EM-214-B,1,"East Bldg, Mezz Gal 214B (Pod 2)",W
13205,East Building,EM-214-B,1,"East Bldg, Mezz Gal 214B (Pod 2)",E
13206,East Building,EM-214-B,1,"East Bldg, Mezz Gal 214B (Pod 2)",CENTER
13207,East Building,EM-214-D,1,"East Bldg, Mezz Gal 214D (Pod 2)",CENTER
13208,East Building,ET-606,1,"East Bldg, Tower Gallery 606",CEILING
13209,East Building,ET-606,1,"East Bldg, Tower Gallery 606",CENTER
13210,East Building,ET-606,1,"East Bldg, Tower Gallery 606",S
13211,East Building,ET-606,1,"East Bldg, Tower Gallery 606",N
13212,East Building,ET-606,1,"East Bldg, Tower Gallery 606",E
13213,East Building,ET-606,1,"East Bldg, Tower Gallery 606",W
13214,East Building,EG-105,1,"East Bldg, Vestibule, 105 (Pod 1)",N
13215,East Building,EG-105,1,"East Bldg, Vestibule, 105 (Pod 1)",S
13229,East Building,EC-029-A,1,"East Bldg, Concourse Gallery 29A",N
13230,East Building,EC-029-A,1,"East Bldg, Concourse Gallery 29A",E
13231,East Building,EC-029-A,1,"East Bldg, Concourse Gallery 29A",S
13232,East Building,EC-029-A,1,"East Bldg, Concourse Gallery 29A",W
13233,East Building,EC-029-B,1,"East Bldg, Concourse Gallery 29B",N
13234,East Building,EC-029-B,1,"East Bldg, Concourse Gallery 29B",E
13235,East Building,EC-029-B,1,"East Bldg, Concourse Gallery 29B",S
13236,East Building,EC-029-B,1,"East Bldg, Concourse Gallery 29B",W
13237,East Building,EC-029-C,1,"East Bldg, Concourse Gallery 29C",N
13238,East Building,EC-029-C,1,"East Bldg, Concourse Gallery 29C",E
13239,East Building,EC-029-C,1,"East Bldg, Concourse Gallery 29C",S
13240,East Building,EC-029-C,1,"East Bldg, Concourse Gallery 29C",W
13241,East Building,EC-029-D,1,"East Bldg, Concourse Gallery 29D",N
13242,East Building,EC-029-D,1,"East Bldg, Concourse Gallery 29D",E
13243,East Building,EC-029-D,1,"East Bldg, Concourse Gallery 29D",S
13244,East Building,EC-029-D,1,"East Bldg, Concourse Gallery 29D",W
13245,East Building,EC-029-E,1,"East Bldg, Concourse Gallery 29E",N
13246,East Building,EC-029-E,1,"East Bldg, Concourse Gallery 29E",E
13247,East Building,EC-029-E,1,"East Bldg, Concourse Gallery 29E",S
13248,East Building,EC-029-E,1,"East Bldg, Concourse Gallery 29E",W
13249,East Building,EC-029-F,1,"East Bldg, Concourse Gallery 29F",N
13250,East Building,EC-029-F,1,"East Bldg, Concourse Gallery 29F",E
13251,East Building,EC-029-F,1,"East Bldg, Concourse Gallery 29F",S
13252,East Building,EC-029-F,1,"East Bldg, Concourse Gallery 29F",W
13253,East Building,EC-029-G,1,"East Bldg, Concourse Gallery 29G",N
13254,East Building,EC-029-G,1,"East Bldg, Concourse Gallery 29G",E
13255,East Building,EC-029-G,1,"East Bldg, Concourse Gallery 29G",S
13256,East Building,EC-029-G,1,"East Bldg, Concourse Gallery 29G",W
13257,East Building,EC-029-H,1,"East Bldg, Concourse Gallery 29H",N
13258,East Building,EC-029-H,1,"East Bldg, Concourse Gallery 29H",E
13259,East Building,EC-029-H,1,"East Bldg, Concourse Gallery 29H",S
13260,East Building,EC-029-H,1,"East Bldg, Concourse Gallery 29H",W
13261,East Building,EC-029-I,1,"East Bldg, Concourse Gallery 29I",N
13262,East Building,EC-029-I,1,"East Bldg, Concourse Gallery 29I",E
13263,East Building,EC-029-I,1,"East Bldg, Concourse Gallery 29I",S
13264,East Building,EC-029-I,1,"East Bldg, Concourse Gallery 29I",W
13285,East Building,EC-029-H,1,"East Bldg, Concourse Gallery 29H",CENTER
13287,East Building,EC-029-A,1,"East Bldg, Concourse Gallery 29A",CENTER
13291,East Building,EM-214-Z,1,"East Bldg, Mezz Gal 214Z (Pod 2)",N
13292,East Building,EM-214-Z,1,"East Bldg, Mezz Gal 214Z (Pod 2)",W
13300,West Building,G-023,1,West Ground Floor Gallery 23,CASE
13333,West Building,M-090,1,West Main Floor Gallery 90,FLOOR
13342,East Building,EU-407-A,1,"East Bldg, Upr Lvl Gal 407A (North Bridge)",CENTER
13357,West Building,M-008,1,West Main Floor Gallery 8,BAFFLE
13577,West Building,G-021,1,West Ground Floor Gallery 21,S
13584,West Building,M-055,1,West Main Floor Gallery 55,Center
13686,East Building,EU-407-X,1,"East Bldg, Upr Lvl Stairway 407X (North Bridge)",S
13699,East Building,EC-029-F,1,"East Bldg, Concourse Gallery 29F",CENTER
13701,East Building,EC-029-B,1,"East Bldg, Concourse Gallery 29B",CENTER
13703,East Building,EC-029-G,1,"East Bldg, Concourse Gallery 29G",CENTER
13704,East Building,EC-029-D,1,"East Bldg, Concourse Gallery 29D",CENTER
13728,West Building,G-027,1,West Ground Floor Gallery 27,BAFFLE
13764,West Building,M-137,1,"West Bldg, Lobby D",CENTER
13808,East Building,EM-214-C,1,"East Bldg, Mezz Gal 214C (Pod 2)",CENTER
13814,East Building,EC-029-C,1,"East Bldg, Concourse Gallery 29C",CENTER
13815,West Building,G-045,1,West Ground Floor Gallery 45,
13816,West Building,G-045,1,West Ground Floor Gallery 45,E
13817,West Building,G-045,1,West Ground Floor Gallery 45,N
13818,West Building,G-045,1,West Ground Floor Gallery 45,S
13819,West Building,G-045,1,West Ground Floor Gallery 45,W
13828,West Building,G-032,1,West Ground Floor Gallery 32,EAST BAFFLE
13829,West Building,G-032,1,West Ground Floor Gallery 32,WEST BAFFLE
13836,West Building,G-026-B,1,West Ground Floor Gallery 26B,WEST BAFFLE
13837,West Building,G-026-B,1,West Ground Floor Gallery 26B,EAST BAFFLE
13899,West Building,M-077,1,West Main Floor Gallery 77,WEST BAFFLE
13900,West Building,M-077,1,West Main Floor Gallery 77,EAST BAFFLE
13931,West Building,G-029,1,West Ground Floor Gallery 29,BAFFLE
13949,East Building,EU-405,1,"East Bldg, West Terrace",
13954,East Building,EC-029-E,1,"East Bldg, Concourse Gallery 29E",CENTER
13963,East Building,EG-106-E,1,"East Bldg, Ground Gal 106E (Pod 1)",E
13964,East Building,EG-106-E,1,"East Bldg, Ground Gal 106E (Pod 1)",N
13989,West Building,M-076,1,West Main Floor Gallery 76,Center
14133,East Building,EU-407-A,1,"East Bldg, Upr Lvl Gal 407A (North Bridge)",S
14173,West Building,M-073-B,1,West Main Floor Gallery 73 B,CENTER
14174,West Building,M-072,1,West Main Floor Gallery 72,CEILING
14176,Sculpture Garden (WSG),NW-Quad,1,Sculpture Garden - NW,
14177,Sculpture Garden (WSG),NE-Quad,1,Sculpture Garden - NE,
14178,Sculpture Garden (WSG),SE-Quad,1,Sculpture Garden - SE,
14179,Sculpture Garden (WSG),SW-Quad,1,Sculpture Garden - SW,
14184,East Building,EM-214-C,1,"East Bldg, Mezz Gal 214C (Pod 2)",E
14185,East Building,EM-214-C,1,"East Bldg, Mezz Gal 214C (Pod 2)",S
14186,East Building,EM-214-C,1,"East Bldg, Mezz Gal 214C (Pod 2)",W
14187,East Building,EM-214-C,1,"East Bldg, Mezz Gal 214C (Pod 2)",N
14188,East Building,EC-029-I,1,"East Bldg, Concourse Gallery 29I",CENTER
14615,West Building,M-078-A,1,West Main Floor Gallery 78A,CENTER
